frontend_question_id,questionId,title,question__title,question__title_slug,level,paid_only
1045,1135,ä¹°ä¸‹æ‰€æœ‰äº§å“çš„å®¢æˆ·,Customers Who Bought All Products,customers-who-bought-all-products,Medium,True
1050,1136,åˆä½œè¿‡è‡³å°‘ä¸‰æ¬¡çš„æ¼”å‘˜å’Œå¯¼æ¼”,Actors and Directors Who Cooperated At Least Three Times,actors-and-directors-who-cooperated-at-least-three-times,Easy,True
1068,1153,äº§å“é”€å”®åˆ†æ I,Product Sales Analysis I,product-sales-analysis-i,Easy,True
1069,1154,äº§å“é”€å”®åˆ†æ II,Product Sales Analysis II,product-sales-analysis-ii,Easy,True
1070,1155,äº§å“é”€å”®åˆ†æ III,Product Sales Analysis III,product-sales-analysis-iii,Medium,True
1075,1161,é¡¹ç›®å‘˜å·¥ I,Project Employees I,project-employees-i,Easy,True
1076,1162,é¡¹ç›®å‘˜å·¥II,Project Employees II,project-employees-ii,Easy,True
1077,1163,é¡¹ç›®å‘˜å·¥ III,Project Employees III,project-employees-iii,Medium,True
1082,1172,é”€å”®åˆ†æ I ,Sales Analysis I,sales-analysis-i,Easy,True
1083,1173,é”€å”®åˆ†æ II,Sales Analysis II,sales-analysis-ii,Easy,True
1084,1174,é”€å”®åˆ†æIII,Sales Analysis III,sales-analysis-iii,Easy,True
1097,1193,æ¸¸æˆç©æ³•åˆ†æ V,Game Play Analysis V,game-play-analysis-v,Hard,True
1098,1198,å°ä¼—ä¹¦ç±,Unpopular Books,unpopular-books,Medium,True
1107,1204,æ¯æ—¥æ–°ç”¨æˆ·ç»Ÿè®¡,New Users Daily Count,new-users-daily-count,Medium,True
1112,1214,æ¯ä½å­¦ç”Ÿçš„æœ€é«˜æˆç»©,Highest Grade For Each Student,highest-grade-for-each-student,Medium,True
1113,1215,æŠ¥å‘Šçš„è®°å½•,Reported Posts,reported-posts,Easy,True
1126,1225,æŸ¥è¯¢æ´»è·ƒä¸šåŠ¡,Active Businesses,active-businesses,Medium,True
1127,1226,ç”¨æˆ·è´­ä¹°å¹³å°,User Purchase Platform,user-purchase-platform,Hard,True
1132,1237,æŠ¥å‘Šçš„è®°å½• II,Reported Posts II,reported-posts-ii,Medium,True
1141,1245,æŸ¥è¯¢è¿‘30å¤©æ´»è·ƒç”¨æˆ·æ•°,User Activity for the Past 30 Days I,user-activity-for-the-past-30-days-i,Easy,True
1142,1246,è¿‡å»30å¤©çš„ç”¨æˆ·æ´»åŠ¨ II,User Activity for the Past 30 Days II,user-activity-for-the-past-30-days-ii,Easy,True
1148,1258,æ–‡ç« æµè§ˆ I,Article Views I,article-views-i,Easy,True
1149,1259,æ–‡ç« æµè§ˆ II,Article Views II,article-views-ii,Medium,True
1158,1268,å¸‚åœºåˆ†æ I,Market Analysis I,market-analysis-i,Medium,True
1159,1269,å¸‚åœºåˆ†æ II,Market Analysis II,market-analysis-ii,Hard,True
1164,1278,æŒ‡å®šæ—¥æœŸçš„äº§å“ä»·æ ¼,Product Price at a Given Date,product-price-at-a-given-date,Medium,True
1173,1291,å³æ—¶é£Ÿç‰©é…é€ I,Immediate Food Delivery I,immediate-food-delivery-i,Easy,True
1174,1292,å³æ—¶é£Ÿç‰©é…é€ II,Immediate Food Delivery II,immediate-food-delivery-ii,Medium,True
1179,1301,é‡æ–°æ ¼å¼åŒ–éƒ¨é—¨è¡¨,Reformat Department Table,reformat-department-table,Easy,False
1193,1317,æ¯æœˆäº¤æ˜“ I,Monthly Transactions I,monthly-transactions-i,Medium,True
1194,1318,é”¦æ ‡èµ›ä¼˜èƒœè€…,Tournament Winners,tournament-winners,Hard,True
1204,1327,æœ€åä¸€ä¸ªèƒ½è¿›å…¥ç”µæ¢¯çš„äºº,Last Person to Fit in the Elevator,last-person-to-fit-in-the-elevator,Medium,True
1205,1328,æ¯æœˆäº¤æ˜“II,Monthly Transactions II,monthly-transactions-ii,Medium,True
1211,1338,æŸ¥è¯¢ç»“æœçš„è´¨é‡å’Œå æ¯”,Queries Quality and Percentage,queries-quality-and-percentage,Easy,True
1212,1339,æŸ¥è¯¢çƒé˜Ÿç§¯åˆ†,Team Scores in Football Tournament,team-scores-in-football-tournament,Medium,True
1225,1357,æŠ¥å‘Šç³»ç»ŸçŠ¶æ€çš„è¿ç»­æ—¥æœŸ,Report Contiguous Dates,report-contiguous-dates,Hard,True
1241,1377,æ¯ä¸ªå¸–å­çš„è¯„è®ºæ•°,Number of Comments per Post,number-of-comments-per-post,Easy,True
1251,1390,å¹³å‡å”®ä»·,Average Selling Price,average-selling-price,Easy,True
1264,1399,é¡µé¢æ¨è,Page Recommendations,page-recommendations,Medium,True
1270,1405,å‘å…¬å¸CEOæ±‡æŠ¥å·¥ä½œçš„æ‰€æœ‰äºº,All People Report to the Given Manager,all-people-report-to-the-given-manager,Medium,True
1280,1415,å­¦ç”Ÿä»¬å‚åŠ å„ç§‘æµ‹è¯•çš„æ¬¡æ•°,Students and Examinations,students-and-examinations,Easy,True
1285,1420,æ‰¾åˆ°è¿ç»­åŒºé—´çš„å¼€å§‹å’Œç»“æŸæ•°å­—,Find the Start and End Number of Continuous Ranges,find-the-start-and-end-number-of-continuous-ranges,Medium,True
1294,1425,ä¸åŒå›½å®¶çš„å¤©æ°”ç±»å‹,Weather Type in Each Country,weather-type-in-each-country,Easy,True
1303,1438,æ±‚å›¢é˜Ÿäººæ•°,Find the Team Size,find-the-team-size,Easy,True
1308,1439,ä¸åŒæ€§åˆ«æ¯æ—¥åˆ†æ•°æ€»è®¡,Running Total for Different Genders,running-total-for-different-genders,Medium,True
1321,1452,é¤é¦†è¥ä¸šé¢å˜åŒ–å¢é•¿,Restaurant Growth,restaurant-growth,Medium,True
1322,1453,å¹¿å‘Šæ•ˆæœ,Ads Performance,ads-performance,Easy,True
1327,1462,åˆ—å‡ºæŒ‡å®šæ—¶é—´æ®µå†…æ‰€æœ‰çš„ä¸‹å•äº§å“,List the Products Ordered in a Period,list-the-products-ordered-in-a-period,Easy,True
1336,1467,æ¯æ¬¡è®¿é—®çš„äº¤æ˜“æ¬¡æ•°,Number of Transactions per Visit,number-of-transactions-per-visit,Hard,True
1341,1480,ç”µå½±è¯„åˆ†,Movie Rating,movie-rating,Medium,True
1350,1481,é™¢ç³»æ— æ•ˆçš„å­¦ç”Ÿ,Students With Invalid Departments,students-with-invalid-departments,Easy,True
1355,1494,æ´»åŠ¨å‚ä¸è€…,Activity Participants,activity-participants,Medium,True
1364,1495,é¡¾å®¢çš„å¯ä¿¡è”ç³»äººæ•°é‡,Number of Trusted Contacts of a Customer,number-of-trusted-contacts-of-a-customer,Medium,True
1369,1504,è·å–æœ€è¿‘ç¬¬äºŒæ¬¡çš„æ´»åŠ¨,Get the Second Most Recent Activity,get-the-second-most-recent-activity,Hard,True
1378,1509,ä½¿ç”¨å”¯ä¸€æ ‡è¯†ç æ›¿æ¢å‘˜å·¥ID,Replace Employee ID With The Unique Identifier,replace-employee-id-with-the-unique-identifier,Easy,True
1384,1518,æŒ‰å¹´åº¦åˆ—å‡ºé”€å”®æ€»é¢,Total Sales Amount by Year,total-sales-amount-by-year,Hard,True
1393,1523,è‚¡ç¥¨çš„èµ„æœ¬æŸç›Š,Capital Gain/Loss,capital-gainloss,Medium,True
1398,1536,è´­ä¹°äº†äº§å“ A å’Œäº§å“ B å´æ²¡æœ‰è´­ä¹°äº§å“ C çš„é¡¾å®¢,Customers Who Bought Products A and B but Not C,customers-who-bought-products-a-and-b-but-not-c,Medium,True
1407,1541,æ’åé å‰çš„æ—…è¡Œè€…,Top Travellers,top-travellers,Easy,True
1412,1546,æŸ¥æ‰¾æˆç»©å¤„äºä¸­æ¸¸çš„å­¦ç”Ÿ,Find the Quiet Students in All Exams,find-the-quiet-students-in-all-exams,Hard,True
1421,1551,å‡€ç°å€¼æŸ¥è¯¢,NPV Queries,npv-queries,Medium,True
1435,1564,åˆ¶ä½œä¼šè¯æŸ±çŠ¶å›¾,Create a Session Bar Chart,create-a-session-bar-chart,Easy,True
1440,1565,è®¡ç®—å¸ƒå°”è¡¨è¾¾å¼çš„å€¼,Evaluate Boolean Expression,evaluate-boolean-expression,Medium,True
1445,1578,è‹¹æœå’Œæ¡”å­,Apples & Oranges,apples-oranges,Medium,True
1454,1579,æ´»è·ƒç”¨æˆ·,Active Users,active-users,Medium,True
1459,1607,çŸ©å½¢é¢ç§¯,Rectangles Area,rectangles-area,Medium,True
1468,1608,è®¡ç®—ç¨åå·¥èµ„,Calculate Salaries,calculate-salaries,Medium,True
1479,1623,å‘¨å†…æ¯å¤©çš„é”€å”®æƒ…å†µ,Sales by Day of the Week,sales-by-day-of-the-week,Hard,True
1485,1625,æŒ‰æ—¥æœŸåˆ†ç»„é”€å”®äº§å“,Group Sold Products By The Date,group-sold-products-by-the-date,Easy,True
1495,1639,ä¸Šæœˆæ’­æ”¾çš„å„¿ç«¥é€‚å®œç”µå½±,Friendly Movies Streamed Last Month,friendly-movies-streamed-last-month,Easy,True
1501,1641,å¯ä»¥æ”¾å¿ƒæŠ•èµ„çš„å›½å®¶,Countries You Can Safely Invest In,countries-you-can-safely-invest-in,Medium,True
1511,1654,æ¶ˆè´¹è€…ä¸‹å•é¢‘ç‡,Customer Order Frequency,customer-order-frequency,Easy,True
1517,1664,æŸ¥æ‰¾æ‹¥æœ‰æœ‰æ•ˆé‚®ç®±çš„ç”¨æˆ·,Find Users With Valid E-Mails,find-users-with-valid-e-mails,Easy,True
1527,1670,æ‚£æŸç§ç–¾ç—…çš„æ‚£è€…,Patients With a Condition,patients-with-a-condition,Easy,True
1532,1671,æœ€è¿‘çš„ä¸‰ç¬”è®¢å•,The Most Recent Three Orders,the-most-recent-three-orders,Medium,True
1543,1686,äº§å“åç§°æ ¼å¼ä¿®å¤,Fix Product Name Format,fix-product-name-format,Easy,True
1549,1688,æ¯ä»¶å•†å“çš„æœ€æ–°è®¢å•,The Most Recent Orders for Each Product,the-most-recent-orders-for-each-product,Medium,True
1555,1702,é“¶è¡Œè´¦æˆ·æ¦‚è¦,Bank Account Summary,bank-account-summary,Medium,True
1565,1712,æŒ‰æœˆç»Ÿè®¡è®¢å•æ•°ä¸é¡¾å®¢æ•°,Unique Orders and Customers Per Month,unique-orders-and-customers-per-month,Easy,True
1571,1718,ä»“åº“ç»ç†,Warehouse Manager,warehouse-manager,Easy,True
1581,1724,è¿›åº—å´æœªè¿›è¡Œè¿‡äº¤æ˜“çš„é¡¾å®¢,Customer Who Visited but Did Not Make Any Transactions,customer-who-visited-but-did-not-make-any-transactions,Easy,True
1587,1734,é“¶è¡Œè´¦æˆ·æ¦‚è¦ II,Bank Account Summary II,bank-account-summary-ii,Easy,True
1596,1735,æ¯ä½é¡¾å®¢æœ€ç»å¸¸è®¢è´­çš„å•†å“,The Most Frequently Ordered Products for Each Customer,the-most-frequently-ordered-products-for-each-customer,Medium,True
1607,1749,æ²¡æœ‰å–å‡ºçš„å–å®¶,Sellers With No Sales,sellers-with-no-sales,Easy,True
1613,1759,æ‰¾åˆ°é—å¤±çš„ID,Find the Missing IDs,find-the-missing-ids,Medium,True
1623,1763,ä¸‰äººå›½å®¶ä»£è¡¨é˜Ÿ,All Valid Triplets That Can Represent a Country,all-valid-triplets-that-can-represent-a-country,Easy,True
1633,1773,å„èµ›äº‹çš„ç”¨æˆ·æ³¨å†Œç‡,Percentage of Users Attended a Contest,percentage-of-users-attended-a-contest,Easy,True
1635,1779,Hopper å…¬å¸æŸ¥è¯¢ I,Hopper Company Queries I,hopper-company-queries-i,Hard,True
1661,1801,æ¯å°æœºå™¨çš„è¿›ç¨‹å¹³å‡è¿è¡Œæ—¶é—´,Average Time of Process per Machine,average-time-of-process-per-machine,Easy,True
1667,1811,ä¿®å¤è¡¨ä¸­çš„åå­—,Fix Names in a Table,fix-names-in-a-table,Easy,True
1677,1821,å‘ç¥¨ä¸­çš„äº§å“é‡‘é¢,Product's Worth Over Invoices,products-worth-over-invoices,Easy,True
1683,1827,æ— æ•ˆçš„æ¨æ–‡,Invalid Tweets,invalid-tweets,Easy,True
1693,1837,æ¯å¤©çš„é¢†å¯¼å’Œåˆä¼™äºº,Daily Leads and Partners,daily-leads-and-partners,Easy,True
1699,1842,ä¸¤äººä¹‹é—´çš„é€šè¯æ¬¡æ•°,Number of Calls Between Two Persons,number-of-calls-between-two-persons,Medium,True
1709,1852,è®¿é—®æ—¥æœŸä¹‹é—´æœ€å¤§çš„ç©ºæ¡£æœŸ,Biggest Window Between Visits,biggest-window-between-visits,Medium,True
1715,1862,è‹¹æœå’Œæ©˜å­çš„ä¸ªæ•°,Count Apples and Oranges,count-apples-and-oranges,Medium,True
1729,1877,æ±‚å…³æ³¨è€…çš„æ•°é‡,Find Followers Count,find-followers-count,Easy,True
1731,1882,æ¯ä½ç»ç†çš„ä¸‹å±å‘˜å·¥æ•°é‡,The Number of Employees Which Report to Each Employee,the-number-of-employees-which-report-to-each-employee,Easy,True
1741,1892,æŸ¥æ‰¾æ¯ä¸ªå‘˜å·¥èŠ±è´¹çš„æ€»æ—¶é—´,Find Total Time Spent by Each Employee,find-total-time-spent-by-each-employee,Easy,True
1747,1898,åº”è¯¥è¢«ç¦æ­¢çš„Leetflexè´¦æˆ·,Leetflex Banned Accounts,leetflex-banned-accounts,Medium,True
175,175,ç»„åˆä¸¤ä¸ªè¡¨,Combine Two Tables,combine-two-tables,Easy,False
1757,1908,å¯å›æ”¶ä¸”ä½è„‚çš„äº§å“,Recyclable and Low Fat Products,recyclable-and-low-fat-products,Easy,True
176,176,ç¬¬äºŒé«˜çš„è–ªæ°´,Second Highest Salary,second-highest-salary,Easy,False
177,177,ç¬¬Né«˜çš„è–ªæ°´,Nth Highest Salary,nth-highest-salary,Medium,False
1777,1926,æ¯å®¶å•†åº—çš„äº§å“ä»·æ ¼,Product's Price for Each Store,products-price-for-each-store,Easy,True
178,178,åˆ†æ•°æ’å,Rank Scores,rank-scores,Medium,False
180,180,è¿ç»­å‡ºç°çš„æ•°å­—,Consecutive Numbers,consecutive-numbers,Medium,False
181,181,è¶…è¿‡ç»ç†æ”¶å…¥çš„å‘˜å·¥,Employees Earning More Than Their Managers,employees-earning-more-than-their-managers,Easy,False
182,182,æŸ¥æ‰¾é‡å¤çš„ç”µå­é‚®ç®±,Duplicate Emails,duplicate-emails,Easy,False
183,183,ä»ä¸è®¢è´­çš„å®¢æˆ·,Customers Who Never Order,customers-who-never-order,Easy,False
184,184,éƒ¨é—¨å·¥èµ„æœ€é«˜çš„å‘˜å·¥,Department Highest Salary,department-highest-salary,Medium,False
185,185,éƒ¨é—¨å·¥èµ„å‰ä¸‰é«˜çš„æ‰€æœ‰å‘˜å·¥,Department Top Three Salaries,department-top-three-salaries,Hard,False
196,196,åˆ é™¤é‡å¤çš„ç”µå­é‚®ç®±,Delete Duplicate Emails,delete-duplicate-emails,Easy,False
197,197,ä¸Šå‡çš„æ¸©åº¦,Rising Temperature,rising-temperature,Easy,False
262,262,è¡Œç¨‹å’Œç”¨æˆ·,Trips and Users,trips-and-users,Hard,False
511,1179,æ¸¸æˆç©æ³•åˆ†æ I,Game Play Analysis I,game-play-analysis-i,Easy,True
512,1180,æ¸¸æˆç©æ³•åˆ†æ II,Game Play Analysis II,game-play-analysis-ii,Easy,True
534,1181,æ¸¸æˆç©æ³•åˆ†æ III,Game Play Analysis III,game-play-analysis-iii,Medium,True
550,1182,æ¸¸æˆç©æ³•åˆ†æ IV,Game Play Analysis IV,game-play-analysis-iv,Medium,True
569,569,å‘˜å·¥è–ªæ°´ä¸­ä½æ•°,Median Employee Salary,median-employee-salary,Hard,True
570,570,è‡³å°‘æœ‰5åç›´æ¥ä¸‹å±çš„ç»ç†,Managers with at Least 5 Direct Reports,managers-with-at-least-5-direct-reports,Medium,True
571,571,ç»™å®šæ•°å­—çš„é¢‘ç‡æŸ¥è¯¢ä¸­ä½æ•°,Find Median Given Frequency of Numbers,find-median-given-frequency-of-numbers,Hard,True
574,574,å½“é€‰è€…,Winning Candidate,winning-candidate,Medium,True
577,577,å‘˜å·¥å¥–é‡‘,Employee Bonus,employee-bonus,Easy,True
578,578,æŸ¥è¯¢å›ç­”ç‡æœ€é«˜çš„é—®é¢˜,Get Highest Answer Rate Question,get-highest-answer-rate-question,Medium,True
579,579,æŸ¥è¯¢å‘˜å·¥çš„ç´¯è®¡è–ªæ°´,Find Cumulative Salary of an Employee,find-cumulative-salary-of-an-employee,Hard,True
580,580,ç»Ÿè®¡å„ä¸“ä¸šå­¦ç”Ÿäººæ•°,Count Student Number in Departments,count-student-number-in-departments,Medium,True
584,584,å¯»æ‰¾ç”¨æˆ·æ¨èäºº,Find Customer Referee,find-customer-referee,Easy,True
585,585,2016å¹´çš„æŠ•èµ„,Investments in 2016,investments-in-2016,Medium,True
586,586,è®¢å•æœ€å¤šçš„å®¢æˆ·,Customer Placing the Largest Number of Orders,customer-placing-the-largest-number-of-orders,Easy,True
595,595,å¤§çš„å›½å®¶,Big Countries,big-countries,Easy,False
596,596,è¶…è¿‡5åå­¦ç”Ÿçš„è¯¾,Classes More Than 5 Students,classes-more-than-5-students,Easy,False
597,597,å¥½å‹ç”³è¯· Iï¼šæ€»ä½“é€šè¿‡ç‡,Friend Requests I: Overall Acceptance Rate,friend-requests-i-overall-acceptance-rate,Easy,True
601,601,ä½“è‚²é¦†çš„äººæµé‡,Human Traffic of Stadium,human-traffic-of-stadium,Hard,False
602,602,å¥½å‹ç”³è¯· II ï¼šè°æœ‰æœ€å¤šçš„å¥½å‹,Friend Requests II: Who Has the Most Friends,friend-requests-ii-who-has-the-most-friends,Medium,True
603,603,è¿ç»­ç©ºä½™åº§ä½,Consecutive Available Seats,consecutive-available-seats,Easy,True
607,607,é”€å”®å‘˜,Sales Person,sales-person,Easy,True
608,608,æ ‘èŠ‚ç‚¹,Tree Node,tree-node,Medium,True
610,610,åˆ¤æ–­ä¸‰è§’å½¢,Triangle Judgement,triangle-judgement,Easy,True
612,612,å¹³é¢ä¸Šçš„æœ€è¿‘è·ç¦»,Shortest Distance in a Plane,shortest-distance-in-a-plane,Medium,True
613,613,ç›´çº¿ä¸Šçš„æœ€è¿‘è·ç¦»,Shortest Distance in a Line,shortest-distance-in-a-line,Easy,True
614,614,äºŒçº§å…³æ³¨è€…,Second Degree Follower,second-degree-follower,Medium,True
615,615,å¹³å‡å·¥èµ„ï¼šéƒ¨é—¨ä¸å…¬å¸æ¯”è¾ƒ,Average Salary: Departments VS Company,average-salary-departments-vs-company,Hard,True
618,618,å­¦ç”Ÿåœ°ç†ä¿¡æ¯æŠ¥å‘Š,Students Report By Geography,students-report-by-geography,Hard,True
619,619,åªå‡ºç°ä¸€æ¬¡çš„æœ€å¤§æ•°å­—,Biggest Single Number,biggest-single-number,Easy,True
620,620,æœ‰è¶£çš„ç”µå½±,Not Boring Movies,not-boring-movies,Easy,False
626,626,æ¢åº§ä½,Exchange Seats,exchange-seats,Medium,False
627,627,å˜æ›´æ€§åˆ«,Swap Salary,swap-salary,Easy,False
nan,1464,æ•°ç»„å¤§å°å‡åŠ,,,,
nan,1440,å°†æ•´æ•°è½¬æ¢ä¸ºä¸¤ä¸ªæ— é›¶æ•´æ•°çš„å’Œ,,,,
nan,1232,è½¬å˜æ•°ç»„åæœ€æ¥è¿‘ç›®æ ‡å€¼çš„æ•°ç»„å’Œ,,,,
nan,100272,ğŸ­å¹´å¿«ä¹,,,,
nan,1441,æˆ–è¿ç®—çš„æœ€å°ç¿»è½¬æ¬¡æ•°,,,,
nan,1442,è¿é€šç½‘ç»œçš„æ“ä½œæ¬¡æ•°,,,,
nan,100263,SyM çš„ ğŸ”‘,,,,
nan,100288,äºŒå‰æ ‘çš„é•œåƒ,,,,
nan,1000002,æ‰¾å‡ºéšè—ä¿¡æ¯,,,,
nan,100287,æ ‘çš„å­ç»“æ„,,,,
nan,100252,ä¸šç»©åˆ†æ,,,,
nan,100286,åˆå¹¶ä¸¤ä¸ªæ’åºçš„é“¾è¡¨,,,,
nan,100285,å‰ªç»³å­ II,,,,
nan,100284,å‰ªç»³å­,,,,
nan,1243,ç¥–çˆ¶èŠ‚ç‚¹å€¼ä¸ºå¶æ•°çš„èŠ‚ç‚¹å’Œ,,,,
nan,1443,äºŒæŒ‡è¾“å…¥çš„çš„æœ€å°è·ç¦»,,,,
nan,100289,å¯¹ç§°çš„äºŒå‰æ ‘,,,,
nan,1450,åˆ é™¤ç»™å®šå€¼çš„å¶å­èŠ‚ç‚¹,,,,
nan,100291,è°ƒæ•´æ•°ç»„é¡ºåºä½¿å¥‡æ•°ä½äºå¶æ•°å‰é¢,,,,
nan,100265,qqqqqqqqqqqqqqqy çš„çƒ­èº«é¢˜,,,,
nan,100298,åè½¬é“¾è¡¨,,,,
nan,100266,å°èƒ–å­çš„æ—¥å¸¸,,,,
nan,100297,æ­£åˆ™è¡¨è¾¾å¼åŒ¹é…,,,,
nan,100294,é“¾è¡¨ä¸­å€’æ•°ç¬¬kä¸ªèŠ‚ç‚¹,,,,
nan,100267,ç†ç¥ç€ç ,,,,
nan,100295,æ•°å€¼çš„æ•´æ•°æ¬¡æ–¹,,,,
nan,100290,è¡¨ç¤ºæ•°å€¼çš„å­—ç¬¦ä¸²,,,,
nan,100293,é¡ºæ—¶é’ˆæ‰“å°çŸ©é˜µ,,,,
nan,100269,ç‹¼äººæ€æ¨¡æ‹Ÿå™¨,,,,
nan,100292,äºŒè¿›åˆ¶ä¸­1çš„ä¸ªæ•°,,,,
nan,1449,ç«–ç›´æ‰“å°å•è¯,,,,
nan,1410,çº¢ç»¿ç¯è·¯å£,,,,
nan,1448,6 å’Œ 9 ç»„æˆçš„æœ€å¤§æ•°å­—,,,,
nan,1451,çŒæº‰èŠ±å›­çš„æœ€å°‘æ°´é¾™å¤´æ•°ç›®,,,,
nan,100253,è¯»ä¹¦è®¡åˆ’,,,,
nan,1000001,test-1,,,,
nan,100254,å¥–é‡‘è®¡ç®—,,,,
nan,1404,é€†åºæ‰“å°ä¸å¯å˜é“¾è¡¨,,,,
nan,100282,ä»å°¾åˆ°å¤´æ‰“å°é“¾è¡¨,,,,
nan,100260,äº¤ç‚¹,,,,
nan,100264,åˆ†è‹¹æœ,,,,
nan,100278,æ—‹è½¬æ•°ç»„çš„æœ€å°æ•°å­—,,,,
nan,100277,é’è›™è·³å°é˜¶é—®é¢˜,,,,
nan,1437,è®©å­—ç¬¦ä¸²æˆä¸ºå›æ–‡ä¸²çš„æœ€å°‘æ’å…¥æ¬¡æ•°,,,,
nan,100276,äºŒç»´æ•°ç»„ä¸­çš„æŸ¥æ‰¾,,,,
nan,100275,æ•°ç»„ä¸­é‡å¤çš„æ•°å­—,,,,
nan,100261,äº•å­—æ¸¸æˆ,,,,
nan,100274,æ–æ³¢é‚£å¥‘æ•°åˆ—,,,,
nan,100273,ç”¨ä¸¤ä¸ªæ ˆå®ç°é˜Ÿåˆ—,,,,
nan,1465,åˆ†è£‚äºŒå‰æ ‘çš„æœ€å¤§ä¹˜ç§¯,,,,
nan,1466,è·³è·ƒæ¸¸æˆ V,,,,
nan,100259,å•è¯é¢‘ç‡,,,,
nan,1463,çŸ©é˜µä¸­æˆ˜æ–—åŠ›æœ€å¼±çš„ K è¡Œ,,,,
nan,1271,ç½‘ç»œçˆ¬è™«,,,,
nan,100258,äº¤æ¢æ•°å­—,,,,
nan,1436,è·å–ä½ å¥½å‹å·²è§‚çœ‹çš„è§†é¢‘,,,,
nan,1252,ç ´åå›æ–‡ä¸²,,,,
nan,1435,å­æ•°ç»„å¼‚æˆ–æŸ¥è¯¢,,,,
nan,1253,å°†çŸ©é˜µæŒ‰å¯¹è§’çº¿æ’åº,,,,
nan,1256,æ•°ç»„åºå·è½¬æ¢,,,,
nan,1244,ä¸åŒçš„å¾ªç¯å­å­—ç¬¦ä¸²,,,,
nan,100281,æœºå™¨äººçš„è¿åŠ¨èŒƒå›´,,,,
nan,1242,çŸ©é˜µåŒºåŸŸå’Œ,,,,
nan,1241,è§£å‹ç¼©ç¼–ç åˆ—è¡¨,,,,
nan,100280,æ›¿æ¢ç©ºæ ¼,,,,
nan,1456,é˜ˆå€¼è·ç¦»å†…é‚»å±…æœ€å°‘çš„åŸå¸‚,,,,
nan,100255,åŠå…¬å®¤é¥®æ°´æœº,,,,
nan,100256,é«˜é“é€‰åº§,,,,
nan,1455,é¤å…è¿‡æ»¤å™¨,,,,
nan,1457,å·¥ä½œè®¡åˆ’çš„æœ€ä½éš¾åº¦,,,,
nan,1454,åˆ é™¤å›æ–‡å­åºåˆ—,,,,
nan,100279,çŸ©é˜µä¸­çš„è·¯å¾„,,,,
nan,100257,åœ°é“ç¥¨,,,,
nan,1434,è§£ç å­—æ¯åˆ°æ•´æ•°æ˜ å°„,,,,
nan,100262,æœ€å°å·®,,,,
nan,1255,ç¿»è½¬å­æ•°ç»„å¾—åˆ°æœ€å¤§çš„æ•°ç»„å€¼,,,,
nan,100283,é‡å»ºäºŒå‰æ ‘,,,,
nan,100296,æ‰“å°ä»1åˆ°æœ€å¤§çš„nä½æ•°,,,,
nan,1,ä¸¤æ•°ä¹‹å’Œ,,,,
nan,100300,å¤æ‚é“¾è¡¨çš„å¤åˆ¶,,,,
nan,1000031,å¸ƒå°”è¿ç®—,,,,
nan,1000030,å•è¯è½¬æ¢,,,,
nan,1000029,ç›´æ–¹å›¾çš„æ°´é‡,,,,
nan,1000028,è¿ç»­ä¸­å€¼,,,,
nan,1000027,è®¡ç®—å™¨,,,,
nan,1000026,LRU ç¼“å­˜,,,,
nan,1000025,ä¸ç”¨åŠ å·çš„åŠ æ³•,,,,
nan,1000024,å¤šæ¬¡æœç´¢,,,,
nan,1000023,æŒ‰æ‘©å¸ˆ,,,,
nan,1000022,æœ€é•¿å•è¯,,,,
nan,1000021,æœ€å°Kä¸ªæ•°,,,,
nan,1000020,æ¢å¤ç©ºæ ¼,,,,
nan,1000019,BiNode,,,,
nan,1000032,æ¶ˆå¤±çš„æ•°å­—,,,,
nan,1000018,æ•´æ•°çš„è‹±è¯­è¡¨ç¤º,,,,
nan,1000016,æ’åºçŸ©é˜µæŸ¥æ‰¾,,,,
nan,1000015,æ±‰è¯ºå¡”é—®é¢˜,,,,
nan,1000013,å³°ä¸è°·,,,,
nan,1000012,åˆå¹¶æ’åºçš„æ•°ç»„,,,,
nan,1000011,è¿·è·¯çš„æœºå™¨äºº,,,,
nan,1000010,äºŒå‰æœç´¢æ ‘åºåˆ—,,,,
nan,1000009,æ±‚å’Œè·¯å¾„,,,,
nan,1000008,åˆ†å‰²é“¾è¡¨,,,,
nan,1000007,è¿”å›å€’æ•°ç¬¬ k ä¸ªèŠ‚ç‚¹,,,,
nan,1000006,ä¸€æ¬¡ç¼–è¾‘,,,,
nan,1000005,æ°´åŸŸå¤§å°,,,,
nan,1000004,æ¨¡å¼åŒ¹é…,,,,
nan,1000003,è¿ç»­æ•°åˆ—,,,,
nan,1000017,é˜¶ä¹˜å°¾æ•°,,,,
nan,100356,éƒ¨åˆ†æ’åº,,,,
nan,1000033, å­—æ¯ä¸æ•°å­—,,,,
nan,1000035,å©´å„¿åå­—,,,,
nan,1459,æ¯éš” n ä¸ªé¡¾å®¢æ‰“æŠ˜,,,,
nan,1461,æœ‰æ•ˆçš„å¿«é€’åºåˆ—æ•°ç›®,,,,
nan,1458,æ ¹æ®æ•°å­—äºŒè¿›åˆ¶ä¸‹ 1 çš„æ•°ç›®æ’åº,,,,
nan,1460,åŒ…å«æ‰€æœ‰ä¸‰ç§å­—ç¬¦çš„å­å­—ç¬¦ä¸²æ•°ç›®,,,,
nan,1277,å½¢æˆä¸‰çš„æœ€å¤§å€æ•°,,,,
nan,1276,æœ€æ¥è¿‘çš„å› æ•°,,,,
nan,1275,éªŒè¯äºŒå‰æ ‘,,,,
nan,1274,æ—¥æœŸä¹‹é—´éš”å‡ å¤©,,,,
nan,1000051,ç¨€ç–ç›¸ä¼¼åº¦,,,,
nan,1000050,å…°é¡¿èš‚èš,,,,
nan,1000049,å•è¯çŸ©é˜µ,,,,
nan,1000048,äº¤æ¢å’Œ,,,,
nan,1000047,T9é”®ç›˜,,,,
nan,1000034,2å‡ºç°çš„æ¬¡æ•°,,,,
nan,1000046,æœ€å¤§å­çŸ©é˜µ,,,,
nan,1000044,æ¶ˆå¤±çš„ä¸¤ä¸ªæ•°å­—,,,,
nan,1000043,æœ€çŸ­è¶…ä¸²,,,,
nan,1000042,æ•°å¯¹å’Œ,,,,
nan,1000041,æ•°å­—æµçš„ç§©,,,,
nan,1000040,å˜ä½è¯ç»„,,,,
nan,1476,ç»Ÿè®¡æœ‰åºçŸ©é˜µä¸­çš„è´Ÿæ•°,,,,
nan,1477,æœ€å K ä¸ªæ•°çš„ä¹˜ç§¯,,,,
nan,1479,å¤šæ¬¡æ±‚å’Œæ„é€ ç›®æ ‡æ•°ç»„,,,,
nan,1478,æœ€å¤šå¯ä»¥å‚åŠ çš„ä¼šè®®æ•°ç›®,,,,
nan,1000039,å•è¯è·ç¦»,,,,
nan,1000038,ä¸»è¦å…ƒç´ ,,,,
nan,1000037,ç¬¬ k ä¸ªæ•°,,,,
nan,1000036,é©¬æˆå›¢äººå¡”,,,,
nan,1000045,æœ€å¤§é»‘æ–¹é˜µ,,,,
nan,100355,ç ç‘å¦™ç®—,,,,
nan,100354,æœ€ä½³ç›´çº¿,,,,
nan,100353,å¹³åˆ†æ­£æ–¹å½¢,,,,
nan,100327,ç¤¼ç‰©çš„æœ€å¤§ä»·å€¼,,,,
nan,100328,ç¿»è½¬å•è¯é¡ºåº,,,,
nan,100326,ä¸¤ä¸ªé“¾è¡¨çš„ç¬¬ä¸€ä¸ªå…¬å…±èŠ‚ç‚¹,,,,
nan,100325,æŠŠæ•°å­—ç¿»è¯‘æˆå­—ç¬¦ä¸²,,,,
nan,100324,å’Œä¸ºsçš„è¿ç»­æ­£æ•°åºåˆ—,,,,
nan,100323,æŠŠæ•°ç»„æ’æˆæœ€å°çš„æ•°,,,,
nan,100322,å’Œä¸ºsçš„ä¸¤ä¸ªæ•°å­—,,,,
nan,100321,æ•°ç»„ä¸­æ•°å­—å‡ºç°çš„æ¬¡æ•° II,,,,
nan,100320,æ•°ç»„ä¸­æ•°å­—å‡ºç°çš„æ¬¡æ•°,,,,
nan,100319,äºŒå‰æ ‘çš„æ·±åº¦,,,,
nan,100318,æ•°ç»„ä¸­çš„é€†åºå¯¹,,,,
nan,100317,äºŒå‰æ ‘ä¸­å’Œä¸ºæŸä¸€å€¼çš„è·¯å¾„,,,,
nan,100316,ç¬¬ä¸€ä¸ªåªå‡ºç°ä¸€æ¬¡çš„å­—ç¬¦,,,,
nan,1234,æœ€å¤§å¾—åˆ†çš„è·¯å¾„æ•°ç›®,,,,
nan,100315,äºŒå‰æœç´¢æ ‘çš„ååºéå†åºåˆ—,,,,
nan,100313,æ•°å­—åºåˆ—ä¸­æŸä¸€ä½çš„æ•°å­—,,,,
nan,100312,ä»ä¸Šåˆ°ä¸‹æ‰“å°äºŒå‰æ ‘ II,,,,
nan,100311,ä»ä¸Šåˆ°ä¸‹æ‰“å°äºŒå‰æ ‘,,,,
nan,100309,1ï½n æ•´æ•°ä¸­ 1 å‡ºç°çš„æ¬¡æ•°,,,,
nan,100310,æ•°ç»„ä¸­å‡ºç°æ¬¡æ•°è¶…è¿‡ä¸€åŠçš„æ•°å­—,,,,
nan,100308,å­—ç¬¦ä¸²çš„æ’åˆ—,,,,
nan,100306,æ ˆçš„å‹å…¥ã€å¼¹å‡ºåºåˆ—,,,,
nan,100307,åºåˆ—åŒ–äºŒå‰æ ‘,,,,
nan,100305,äºŒå‰æœç´¢æ ‘ä¸åŒå‘é“¾è¡¨,,,,
nan,100304,è¿ç»­å­æ•°ç»„çš„æœ€å¤§å’Œ,,,,
nan,100303,æ•°æ®æµä¸­çš„ä¸­ä½æ•°,,,,
nan,100302,åŒ…å«minå‡½æ•°çš„æ ˆ,,,,
nan,100301,æœ€å°çš„kä¸ªæ•°,,,,
nan,100314,ä»ä¸Šåˆ°ä¸‹æ‰“å°äºŒå‰æ ‘ III,,,,
nan,100329,åœ¨æ’åºæ•°ç»„ä¸­æŸ¥æ‰¾æ•°å­— I,,,,
nan,100331,0ï½n-1ä¸­ç¼ºå¤±çš„æ•°å­—,,,,
nan,100333,äºŒå‰æœç´¢æ ‘çš„ç¬¬kå¤§èŠ‚ç‚¹,,,,
nan,100352,è·³æ°´æ¿,,,,
nan,100351,ç”Ÿå­˜äººæ•°,,,,
nan,100350,è¿ç®—,,,,
nan,100349,æœ€å¤§æ•°å€¼,,,,
nan,100348,æœ‰é‡å¤å­—ç¬¦ä¸²çš„æ’åˆ—ç»„åˆ,,,,
nan,100347,äºŒå‰æ ‘çš„æœ€è¿‘å…¬å…±ç¥–å…ˆ,,,,
nan,100346,äºŒå‰æœç´¢æ ‘çš„æœ€è¿‘å…¬å…±ç¥–å…ˆ,,,,
nan,1468,æ£€æŸ¥æ•´æ•°åŠå…¶ä¸¤å€æ•°æ˜¯å¦å­˜åœ¨,,,,
nan,1469,åˆ¶é€ å­—æ¯å¼‚ä½è¯çš„æœ€å°æ­¥éª¤æ•°,,,,
nan,1470,æ¨æ–‡è®¡æ•°,,,,
nan,1471,å‚åŠ è€ƒè¯•çš„æœ€å¤§å­¦ç”Ÿæ•°,,,,
nan,1444,å°†æ•°å­—å˜æˆ 0 çš„æ“ä½œæ¬¡æ•°,,,,
nan,1445,å¤§å°ä¸º K ä¸”å¹³å‡å€¼å¤§äºç­‰äºé˜ˆå€¼çš„å­æ•°ç»„æ•°ç›®,,,,
nan,1446,æ—¶é’ŸæŒ‡é’ˆçš„å¤¹è§’,,,,
nan,1447,è·³è·ƒæ¸¸æˆ IV,,,,
nan,100345,æ±‚1+2+â€¦+n,,,,
nan,100344,è‚¡ç¥¨çš„æœ€å¤§åˆ©æ¶¦,,,,
nan,100341,æ‰‘å…‹ç‰Œä¸­çš„é¡ºå­,,,,
nan,100343,åœ†åœˆä¸­æœ€åå‰©ä¸‹çš„æ•°å­—,,,,
nan,100342,å¹³è¡¡äºŒå‰æ ‘,,,,
nan,100340,æŠŠå­—ç¬¦ä¸²è½¬æ¢æˆæ•´æ•°,,,,
nan,100339,nä¸ªéª°å­çš„ç‚¹æ•°,,,,
nan,100338,æ„å»ºä¹˜ç§¯æ•°ç»„,,,,
nan,100337,é˜Ÿåˆ—çš„æœ€å¤§å€¼,,,,
nan,100336,æ»‘åŠ¨çª—å£çš„æœ€å¤§å€¼,,,,
nan,100335,ä¸ç”¨åŠ å‡ä¹˜é™¤åšåŠ æ³•,,,,
nan,100330,å·¦æ—‹è½¬å­—ç¬¦ä¸²,,,,
nan,100334,ä¸‘æ•°,,,,
nan,100332,æœ€é•¿ä¸å«é‡å¤å­—ç¬¦çš„å­å­—ç¬¦ä¸²,,,,
nan,100299,åˆ é™¤é“¾è¡¨çš„èŠ‚ç‚¹,,,,
nan,1254,å±‚æ•°æœ€æ·±å¶å­èŠ‚ç‚¹çš„å’Œ,,,,
nan,1221,æœ‰åºæ•°ç»„ä¸­å‡ºç°æ¬¡æ•°è¶…è¿‡25%çš„å…ƒç´ ,,,,
nan,1426,å’Œä¸ºé›¶çš„Nä¸ªå”¯ä¸€æ•´æ•°,,,,
nan,1351,æ›¿æ¢å­ä¸²å¾—åˆ°å¹³è¡¡å­—ç¬¦ä¸²,,,,
nan,1344,æœ€å¤§ç›¸ç­‰é¢‘ç‡,,,,
nan,1343,æ·éª°å­æ¨¡æ‹Ÿ,,,,
nan,1342,å¯ä»¥æ”»å‡»å›½ç‹çš„çš‡å,,,,
nan,1341,åˆ†å‰²å¹³è¡¡å­—ç¬¦ä¸²,,,,
nan,1337,è®¾è®¡è·³è¡¨,,,,
nan,1329,ç©ç­¹ç ,,,,
nan,1331,é»„é‡‘çŸ¿å·¥,,,,
nan,1332,ç»Ÿè®¡å…ƒéŸ³å­—æ¯åºåˆ—çš„æ•°ç›®,,,,
nan,1330,æœ€é•¿å®šå·®å­åºåˆ—,,,,
nan,1178,éªŒè¯å›æ–‡å­—ç¬¦ä¸² III,,,,
nan,1151,æ­¥è¿›æ•°,,,,
nan,100065,æœ€å°äº¤æ¢æ¬¡æ•°ä½¿å¾—æ•°ç»„æœ‰åº,,,,
nan,1350,åˆ é™¤å­æ–‡ä»¶å¤¹,,,,
nan,1322,ç©¿è¿‡è¿·å®«çš„æœ€å°‘ç§»åŠ¨æ¬¡æ•°,,,,
nan,1321,å°½å¯èƒ½ä½¿å­—ç¬¦ä¸²ç›¸ç­‰,,,,
nan,1320,åˆ é™¤å­—ç¬¦ä¸²ä¸­çš„æ‰€æœ‰ç›¸é‚»é‡å¤é¡¹ II,,,,
nan,1316,äº¤æ›¿æ‰“å°å­—ç¬¦ä¸²,,,,
nan,1250,æœ€é•¿å…¬å…±å­åºåˆ—,,,,
nan,1308,äº¤æ¢å­—ç¬¦ä¸²ä¸­çš„å…ƒç´ ,,,,
nan,1309,é¡¹ç›®ç®¡ç†,,,,
nan,1143,æ‰¾å‡ºæ‰€æœ‰è¡Œä¸­æœ€å°å…¬å…±å…ƒç´ ,,,,
nan,1142,è¿›å‡»çš„éª‘å£«,,,,
nan,1141,æœ€å¤šå¯ä»¥ä¹°åˆ°çš„è‹¹æœæ•°é‡,,,,
nan,1306,æœ€å°ç»å¯¹å·®,,,,
nan,1307,ä¸‘æ•° III,,,,
nan,1297,â€œæ°”çƒâ€ çš„æœ€å¤§æ•°é‡,,,,
nan,1298,åè½¬æ¯å¯¹æ‹¬å·é—´çš„å­ä¸²,,,,
nan,1319,ç‹¬ä¸€æ— äºŒçš„å‡ºç°æ¬¡æ•°,,,,
nan,1299,K æ¬¡ä¸²è”åæœ€å¤§å­æ•°ç»„ä¹‹å’Œ,,,,
nan,1349,ç¼€ç‚¹æˆçº¿,,,,
nan,1352,è§„åˆ’å…¼èŒå·¥ä½œ,,,,
nan,1386,äºŒç»´ç½‘æ ¼è¿ç§»,,,,
nan,100144,æœ€å¤§æ·±åº¦,,,,
nan,1368,å¤šçº¿ç¨‹ç½‘é¡µçˆ¬è™«,,,,
nan,1380,ç»Ÿè®¡å°é—­å²›å±¿çš„æ•°ç›®,,,,
nan,1381,å¾—åˆ†æœ€é«˜çš„å•è¯é›†åˆ,,,,
nan,1379,é‡æ„ 2 è¡ŒäºŒè¿›åˆ¶çŸ©é˜µ,,,,
nan,1378,å¥‡æ•°å€¼å•å…ƒæ ¼çš„æ•°ç›®,,,,
nan,1371,ç§»é™¤æ— æ•ˆçš„æ‹¬å·,,,,
nan,1369,äº¤æ¢å­—ç¬¦ä½¿å¾—å­—ç¬¦ä¸²ç›¸åŒ,,,,
nan,1370,ç»Ÿè®¡ã€Œä¼˜ç¾å­æ•°ç»„ã€,,,,
nan,1372,æ£€æŸ¥ã€Œå¥½æ•°ç»„ã€,,,,
nan,1177,æ ‘çš„ç›´å¾„,,,,
nan,1202,åˆ é™¤å›æ–‡å­æ•°ç»„,,,,
nan,1209,è®¾è®¡æœ‰é™é˜»å¡é˜Ÿåˆ—,,,,
nan,1176,åŠ›æ‰£æ’è¡Œæ¦œ,,,,
nan,100130,ç”µæ¢¯,,,,
nan,100129,å‘˜å·¥äº’è¯„,,,,
nan,1361,é“ºç“·ç –,,,,
nan,1360,ä¸²è”å­—ç¬¦ä¸²çš„æœ€å¤§é•¿åº¦,,,,
nan,1359,å¾ªç¯ç æ’åˆ—,,,,
nan,1358,æ‰¾å‡ºç»™å®šæ–¹ç¨‹çš„æ­£æ•´æ•°è§£,,,,
nan,1362,é£æœºåº§ä½åˆ†é…æ¦‚ç‡,,,,
nan,1340,å“²å­¦å®¶è¿›é¤,,,,
nan,100125,æœ€å°‘äº¤æ¢æ¬¡æ•° - LC,,,,
nan,1164,ç­‰å·®æ•°åˆ—ä¸­ç¼ºå¤±çš„æ•°å­—,,,,
nan,1166,æŠ›æ·ç¡¬å¸,,,,
nan,1165,å®‰æ’ä¼šè®®æ—¥ç¨‹,,,,
nan,1192,åˆ†äº«å·§å…‹åŠ›,,,,
nan,100139,æµ‹è¯•,,,,
nan,1300,æŸ¥æ‰¾é›†ç¾¤å†…çš„ã€Œå…³é”®è¿æ¥ã€,,,,
nan,100107,çŒœæ•°å­—,,,,
nan,100106,æ’åº,,,,
nan,1261,å•å­—ç¬¦é‡å¤å­ä¸²çš„æœ€å¤§é•¿åº¦,,,,
nan,1260,ä¸€å¹´ä¸­çš„ç¬¬å‡ å¤©,,,,
nan,1108,ç”¨æˆ·ç½‘ç«™è®¿é—®è¡Œä¸ºåˆ†æ,,,,
nan,1102,æ£€æŸ¥ä¸€ä¸ªæ•°æ˜¯å¦åœ¨æ•°ç»„ä¸­å ç»å¤§å¤šæ•°,,,,
nan,1124,å­—ç¬¦ä¸²è½¬åŒ–,,,,
nan,100051,2019 å¹´ä¸Šæµ·å¸‚åˆ›æ„ç¼–ç¨‹ä¸æ™ºèƒ½è®¾è®¡å¤§èµ› ç®—æ³•ç¼–ç¨‹ åˆä¸­ç»„ç°åœºèµ› èº«ä»½éªŒè¯é¢˜,,,,
nan,100050,2019 å¹´ä¸Šæµ·å¸‚åˆ›æ„ç¼–ç¨‹ä¸æ™ºèƒ½è®¾è®¡å¤§èµ› ç®—æ³•ç¼–ç¨‹ åˆä¸­ç»„ç°åœºèµ› ç¬¬å…­é¢˜,,,,
nan,100049,2019 å¹´ä¸Šæµ·å¸‚åˆ›æ„ç¼–ç¨‹ä¸æ™ºèƒ½è®¾è®¡å¤§èµ› ç®—æ³•ç¼–ç¨‹ åˆä¸­ç»„ç°åœºèµ› ç¬¬äº”é¢˜,,,,
nan,100048,2019 å¹´ä¸Šæµ·å¸‚åˆ›æ„ç¼–ç¨‹ä¸æ™ºèƒ½è®¾è®¡å¤§èµ› ç®—æ³•ç¼–ç¨‹ åˆä¸­ç»„ç°åœºèµ› ç¬¬å››é¢˜,,,,
nan,100047,2019 å¹´ä¸Šæµ·å¸‚åˆ›æ„ç¼–ç¨‹ä¸æ™ºèƒ½è®¾è®¡å¤§èµ› ç®—æ³•ç¼–ç¨‹ åˆä¸­ç»„ç°åœºèµ› ç¬¬ä¸‰é¢˜,,,,
nan,100046,2019 å¹´ä¸Šæµ·å¸‚åˆ›æ„ç¼–ç¨‹ä¸æ™ºèƒ½è®¾è®¡å¤§èµ› ç®—æ³•ç¼–ç¨‹ åˆä¸­ç»„ç°åœºèµ› ç¬¬äºŒé¢˜,,,,
nan,100045,2019 å¹´ä¸Šæµ·å¸‚åˆ›æ„ç¼–ç¨‹ä¸æ™ºèƒ½è®¾è®¡å¤§èµ› ç®—æ³•ç¼–ç¨‹ åˆä¸­ç»„ç°åœºèµ› ç¬¬ä¸€é¢˜,,,,
nan,100052,2019 å¹´ä¸Šæµ·å¸‚åˆ›æ„ç¼–ç¨‹ä¸æ™ºèƒ½è®¾è®¡å¤§èµ› ç®—æ³•ç¼–ç¨‹ å°å­¦ç»„ç°åœºèµ› èº«ä»½éªŒè¯é¢˜,,,,
nan,1263,æ·éª°å­çš„Nç§æ–¹æ³•,,,,
nan,100044,2019 å¹´ä¸Šæµ·å¸‚åˆ›æ„ç¼–ç¨‹ä¸æ™ºèƒ½è®¾è®¡å¤§èµ› ç®—æ³•ç¼–ç¨‹ å°å­¦ç»„ç°åœºèµ› ç¬¬å…­é¢˜,,,,
nan,100042,2019 å¹´ä¸Šæµ·å¸‚åˆ›æ„ç¼–ç¨‹ä¸æ™ºèƒ½è®¾è®¡å¤§èµ› ç®—æ³•ç¼–ç¨‹ å°å­¦ç»„ç°åœºèµ› ç¬¬å››é¢˜,,,,
nan,100041,2019 å¹´ä¸Šæµ·å¸‚åˆ›æ„ç¼–ç¨‹ä¸æ™ºèƒ½è®¾è®¡å¤§èµ› ç®—æ³•ç¼–ç¨‹ å°å­¦ç»„ç°åœºèµ› ç¬¬ä¸‰é¢˜,,,,
nan,100040,2019 å¹´ä¸Šæµ·å¸‚åˆ›æ„ç¼–ç¨‹ä¸æ™ºèƒ½è®¾è®¡å¤§èµ› ç®—æ³•ç¼–ç¨‹ å°å­¦ç»„ç°åœºèµ› ç¬¬äºŒé¢˜,,,,
nan,100039,2019 å¹´ä¸Šæµ·å¸‚åˆ›æ„ç¼–ç¨‹ä¸æ™ºèƒ½è®¾è®¡å¤§èµ› ç®—æ³•ç¼–ç¨‹ å°å­¦ç»„ç°åœºèµ› ç¬¬ä¸€é¢˜,,,,
nan,1251,æ®µå¼å›æ–‡,,,,
nan,1249,å¿«ç…§æ•°ç»„,,,,
nan,1248,äºŒå‰æ ‘ç€è‰²æ¸¸æˆ,,,,
nan,1247,é€’å‡å…ƒç´ ä½¿æ•°ç»„å‘ˆé”¯é½¿çŠ¶,,,,
nan,100038,ç¢°æ’æ¬¡æ•°,,,,
nan,1101,å¹³è¡Œè¯¾ç¨‹,,,,
nan,1240,çŸ³å­æ¸¸æˆ II,,,,
nan,1100,æœ€ä½æˆæœ¬è”é€šæ‰€æœ‰åŸå¸‚,,,,
nan,1238,å­—æ¯æ¿ä¸Šçš„è·¯å¾„,,,,
nan,100043,2019 å¹´ä¸Šæµ·å¸‚åˆ›æ„ç¼–ç¨‹ä¸æ™ºèƒ½è®¾è®¡å¤§èµ› ç®—æ³•ç¼–ç¨‹ å°å­¦ç»„ç°åœºèµ› ç¬¬äº”é¢˜,,,,
nan,1262,å­æ•°ç»„ä¸­å ç»å¤§å¤šæ•°çš„å…ƒç´ ,,,,
nan,1117,åœ°å›¾åˆ†æ,,,,
nan,1112,æ‹¼å†™å•è¯,,,,
nan,100105,å›´æˆä¸€åœˆ,,,,
nan,100104,å…¨æ’åˆ—,,,,
nan,100103,æ–æ³¢é‚£å¥‘æ•°åˆ—,,,,
nan,1290,ä½¿æ•°ç»„ä¸¥æ ¼é€’å¢,,,,
nan,1288,åˆ é™¤ä¸€æ¬¡å¾—åˆ°å­æ•°ç»„æœ€å¤§å’Œ,,,,
nan,1287,å…¬äº¤ç«™é—´çš„è·ç¦»,,,,
nan,1289,ä¸€å‘¨ä¸­çš„ç¬¬å‡ å¤©,,,,
nan,1152,çŸ©é˜µä¸­ 1 çš„æœ€å¤§æ•°é‡,,,,
nan,1134,ä¸ç›®æ ‡é¢œè‰²é—´çš„æœ€çŸ­è·ç¦»,,,,
nan,1132,å‰åæ‹¼æ¥,,,,
nan,1281,æ„å»ºå›æ–‡ä¸²æ£€æµ‹,,,,
nan,1282,çŒœå­—è°œ,,,,
nan,1280,å¥èº«è®¡åˆ’è¯„ä¼°,,,,
nan,1279,è´¨æ•°æ’åˆ—,,,,
nan,100096,æœºå™¨äººå¤§å†’é™©,,,,
nan,100094,å‘ LeetCoin,,,,
nan,100093,è¦†ç›–,,,,
nan,100092,åˆ†å¼åŒ–ç®€,,,,
nan,100091,åŠ›æ‰£è±¡æ£‹å­¦å ‚,,,,
nan,1267,ä»é“¾è¡¨ä¸­åˆ å»æ€»å’Œå€¼ä¸ºé›¶çš„è¿ç»­èŠ‚ç‚¹,,,,
nan,1273,æ¯”è¾ƒå­—ç¬¦ä¸²æœ€å°å­—æ¯å‡ºç°é¢‘æ¬¡,,,,
nan,1272,æŸ¥è¯¢æ— æ•ˆäº¤æ˜“,,,,
nan,1270,é¤ç›˜æ ˆ,,,,
nan,1125,è®¾è®¡æ–‡ä»¶ç³»ç»Ÿ,,,,
nan,1144,æ°´èµ„æºåˆ†é…ä¼˜åŒ–,,,,
nan,1126,è¿æ¥æ£’æçš„æœ€ä½è´¹ç”¨,,,,
nan,1123,å•è¡Œé”®ç›˜,,,,
nan,1133,æŒ‰å­—å…¸åºæ’åœ¨æœ€åçš„å­ä¸²,,,,
nan,1116,æœ€å¤§å±‚å†…å…ƒç´ å’Œ,,,,
nan,1387,åœ¨å—æ±¡æŸ“çš„äºŒå‰æ ‘ä¸­æŸ¥æ‰¾å…ƒç´ ,,,,
nan,1388,å¯è¢«ä¸‰æ•´é™¤çš„æœ€å¤§å’Œ,,,,
nan,1389,æ¨ç®±å­,,,,
nan,1190,æœ€å°å…¬å…±åŒºåŸŸ,,,,
nan,1411,äºŒè¿›åˆ¶é“¾è¡¨è½¬æ•´æ•°,,,,
nan,1212,é¡ºæ¬¡æ•°,,,,
nan,1413,å…ƒç´ å’Œå°äºç­‰äºé˜ˆå€¼çš„æ­£æ–¹å½¢çš„æœ€å¤§è¾¹é•¿,,,,
nan,1414,ç½‘æ ¼ä¸­çš„æœ€çŸ­è·¯å¾„,,,,
nan,1224,ä¸‹é™è·¯å¾„æœ€å°å’Œ  II,,,,
nan,1211,å­—æ¯ç»„åˆè¿­ä»£å™¨,,,,
nan,1222,åˆ é™¤è¢«è¦†ç›–åŒºé—´,,,,
nan,1483,é€šè¿‡æŠ•ç¥¨å¯¹å›¢é˜Ÿæ’å,,,,
nan,100219,åƒåœ¾é‚®ä»¶è¿‡æ»¤ç³»ç»Ÿ,,,,
nan,100218,å…¥å­¦è€ƒè¯•ç®—æ³•é¢˜,,,,
nan,100217,æœ€æ‹¥å µçš„è·¯å£,,,,
nan,100216,è§£æ–¹ç¨‹,,,,
nan,100215,å‡ºå·®è·¯çº¿,,,,
nan,100220,æœ¬å‘¨ä»»åŠ¡,,,,
nan,100214,é¤å…ä¼˜æƒ åˆ¸,,,,
nan,100210,æ¬å®¶æ‰“åŒ…,,,,
nan,100212,å‘¨å…­å®µå¤œè®¡åˆ’,,,,
nan,100211, æœŸä¸­è€ƒè¯•,,,,
nan,1408,ä½¿ç»“æœä¸è¶…è¿‡é˜ˆå€¼çš„æœ€å°é™¤æ•°,,,,
nan,1409,è½¬åŒ–ä¸ºå…¨é›¶çŸ©é˜µçš„æœ€å°‘åè½¬æ¬¡æ•°,,,,
nan,100209,æ¨æŸ³çµ®æŠ‘åˆ¶å‰‚,,,,
nan,100157,æ´»è·ƒç”¨æˆ·,,,,
nan,1407,ç”¨æˆ·åˆ†ç»„,,,,
nan,1406,æ•´æ•°çš„å„ä½ç§¯å’Œä¹‹å·®,,,,
nan,100208,æ—©é¤é«˜å³°,,,,
nan,100207,è¿·å®«é‡åŠ›çƒ,,,,
nan,100206,ç‚¹äº®åœ£è¯æ ‘,,,,
nan,100194,2048 æ¸¸æˆ,,,,
nan,100213,å‡ºæ¸¸æ€»ç»“,,,,
nan,100221,ä¸´æ—¶ç‚¹é¤å‘˜,,,,
nan,100222,å°ç»„è®¨è®º,,,,
nan,100223,é‡‡è´­æ¸…å•,,,,
nan,1427,ä¸¤æ£µäºŒå‰æœç´¢æ ‘ä¸­çš„æ‰€æœ‰å…ƒç´ ,,,,
nan,1428,è·³è·ƒæ¸¸æˆ III,,,,
nan,1429,å£ç®—éš¾é¢˜,,,,
nan,100251,å®šä»·ç­–ç•¥,,,,
nan,100250,èº«é«˜ä¼˜åŠ¿,,,,
nan,100249,æ•°æ®å¤åŸ,,,,
nan,100248,æœ€çŸ­å‰©ä½™æ—¶é—´è°ƒåº¦,,,,
nan,100247,æ—¶é—´ç‰‡è½®è½¬è°ƒåº¦,,,,
nan,100246,å‘˜å·¥è¿åŠ¨ä¼š,,,,
nan,100242,ç¨€ç–æ•°ç»„æœç´¢,,,,
nan,100241,æ— é‡å¤å­—ç¬¦ä¸²çš„æ’åˆ—ç»„åˆ,,,,
nan,100240,é­”æœ¯ç´¢å¼•,,,,
nan,100239,TLV ç¼–ç ,,,,
nan,100238,äº’ä¿¡åå•†æœºåˆ¶ II,,,,
nan,100237,å‡ºå·®è·¯çº¿ II,,,,
nan,100236,é™å™ªè€³æœº,,,,
nan,100235,ç¼–ç¨‹è¯­è¨€åå¥½è°ƒæŸ¥,,,,
nan,100234,åŸºç«™åœ°å›¾,,,,
nan,1424,ä½ èƒ½ä»ç›’å­é‡Œè·å¾—çš„æœ€å¤§ç³–æœæ•°,,,,
nan,1423,å­ä¸²çš„æœ€å¤§å‡ºç°æ¬¡æ•°,,,,
nan,1421,ç»Ÿè®¡ä½æ•°ä¸ºå¶æ•°çš„æ•°å­—,,,,
nan,1422,åˆ’åˆ†æ•°ç»„ä¸ºè¿ç»­æ•°å­—çš„é›†åˆ,,,,
nan,100233,å…«çš‡å,,,,
nan,100232,æœç´¢æ—‹è½¬æ•°ç»„,,,,
nan,100231,ç¡¬å¸,,,,
nan,100230,ç¿»è½¬æ•°ä½,,,,
nan,100229,æ£€æŸ¥å­æ ‘,,,,
nan,100228,åŠ¨ç‰©æ”¶å®¹æ‰€,,,,
nan,100226,ç®—æ³•è¯¾,,,,
nan,100193,é»‘ç™½æ£‹,,,,
nan,1231,å°†æ¯ä¸ªå…ƒç´ æ›¿æ¢ä¸ºå³ä¾§æœ€å¤§å…ƒç´ ,,,,
nan,100191,ä¼˜åŒ–å‚èµ›é˜Ÿä¼,,,,
nan,100203,äºŒè¿›åˆ¶æ•°è½¬å­—ç¬¦ä¸²,,,,
nan,100176,æ£€æŸ¥å¹³è¡¡æ€§,,,,
nan,100175,ç‰¹å®šæ·±åº¦èŠ‚ç‚¹é“¾è¡¨,,,,
nan,100174,æœ€å°é«˜åº¦æ ‘,,,,
nan,100173,æ ˆæ’åº,,,,
nan,100172,ä¸‰åˆä¸€,,,,
nan,1397,æœç´¢æ¨èç³»ç»Ÿ,,,,
nan,1398,åœåœ¨åŸåœ°çš„æ–¹æ¡ˆæ•°,,,,
nan,1396,ç»Ÿè®¡å‚ä¸é€šä¿¡çš„æœåŠ¡å™¨,,,,
nan,1395,è®¿é—®æ‰€æœ‰ç‚¹çš„æœ€å°æ—¶é—´,,,,
nan,100171,èŠ‚ç‚¹é—´é€šè·¯,,,,
nan,100170,åŒ–æ ˆä¸ºé˜Ÿ,,,,
nan,100169,æ ˆçš„æœ€å°å€¼,,,,
nan,100168,ç¯è·¯æ£€æµ‹,,,,
nan,100177,åˆæ³•äºŒå‰æœç´¢æ ‘,,,,
nan,100167,é“¾è¡¨ç›¸äº¤,,,,
nan,100163,ç§»é™¤é‡å¤èŠ‚ç‚¹,,,,
nan,100162,å­—ç¬¦ä¸²è½®è½¬,,,,
nan,100161,å­—ç¬¦ä¸²å‹ç¼©,,,,
nan,100160,URLåŒ–,,,,
nan,100159,åˆ¤å®šæ˜¯å¦äº’ä¸ºå­—ç¬¦é‡æ’,,,,
nan,100158,åˆ¤å®šå­—ç¬¦æ˜¯å¦å”¯ä¸€,,,,
nan,100148,PK,,,,
nan,100146,ç—…æ¯’,,,,
nan,100147,æ¶ˆé™¤å›æ–‡å­ä¸²,,,,
nan,100136,å­—ç¬¦ä¸²éªŒè¯,,,,
nan,1189,åŠ å¯†æ•°å­—,,,,
nan,1191,è¿‘ä¹‰è¯å¥å­,,,,
nan,1213,ä¸ç›¸äº¤çš„æ¡æ‰‹,,,,
nan,100164,å›æ–‡é“¾è¡¨,,,,
nan,100178,åç»§è€…,,,,
nan,100179,é¦–ä¸ªå…±åŒç¥–å…ˆ,,,,
nan,100180,æ’å…¥,,,,
nan,100154,è¿è¿çœ‹,,,,
nan,100202,å †ç®±å­,,,,
nan,100201,é¢œè‰²å¡«å……,,,,
nan,100200,æ‹¬å·,,,,
nan,100199,é€’å½’ä¹˜æ³•,,,,
nan,100198,å¹‚é›†,,,,
nan,100197,ä¸‰æ­¥é—®é¢˜,,,,
nan,100196,ç»˜åˆ¶ç›´çº¿,,,,
nan,100195,å †ç›˜å­,,,,
nan,1201,åˆ é™¤æ ‘èŠ‚ç‚¹,,,,
nan,1200,åˆ é™¤åŒºé—´,,,,
nan,1199,åå…­è¿›åˆ¶é­”æœ¯æ•°å­—,,,,
nan,1233,çŸ©å½¢å†…èˆ¹åªçš„æ•°ç›®,,,,
nan,1403,åˆ†å‰²å›æ–‡ä¸² III,,,,
nan,1402,ç»Ÿè®¡å…¨ä¸º 1 çš„æ­£æ–¹å½¢å­çŸ©é˜µ,,,,
nan,1401,ä¸æµªè´¹åŸæ–™çš„æ±‰å ¡åˆ¶ä½œæ–¹æ¡ˆ,,,,
nan,1400,æ‰¾å‡ºäº•å­—æ£‹çš„è·èƒœè€…,,,,
nan,100152,æœ€å¤§å€¼,,,,
nan,100153,å¿«é€’å‘˜æ´¾ä»¶,,,,
nan,100151,å›½å®¶ç»“ç›Ÿ -- 952 é‡å¤,,,,
nan,100149,åˆå¹¶ä»»åŠ¡è®¡åˆ’,,,,
nan,100188,é“¾è¡¨æ±‚å’Œ,,,,
nan,100187,åˆ é™¤ä¸­é—´èŠ‚ç‚¹,,,,
nan,100186,é›¶çŸ©é˜µ,,,,
nan,100185,æ—‹è½¬çŸ©é˜µ,,,,
nan,100184,å›æ–‡æ’åˆ—,,,,
nan,100183,ä¸‹ä¸€ä¸ªæ•°,,,,
nan,100182,é…å¯¹äº¤æ¢,,,,
nan,100181,æ•´æ•°è½¬æ¢,,,,
nan,100189,è¥¿æ¸¸è®°,,,,
nan,1482,æœ‰å¤šå°‘å°äºå½“å‰æ•°å­—çš„æ•°å­—,,,,
nan,1512,è®¾è®¡åœ°é“ç³»ç»Ÿ,,,,
nan,1485,ä½¿ç½‘æ ¼å›¾è‡³å°‘æœ‰ä¸€æ¡æœ‰æ•ˆè·¯å¾„çš„æœ€å°ä»£ä»·,,,,
nan,1830,å¤§é¤è®¡æ•°,,,,
nan,1838,å­—ç¬¦ä¸²çš„ä¸åŒå­å­—ç¬¦ä¸²ä¸ªæ•°,,,,
nan,1804,ä¿®æ”¹åçš„æœ€å¤§äºŒè¿›åˆ¶å­—ç¬¦ä¸²,,,,
nan,1805,å¾—åˆ°è¿ç»­ K ä¸ª 1 çš„æœ€å°‘ç›¸é‚»äº¤æ¢æ¬¡æ•°,,,,
nan,1803,å¹³å‡ç­‰å¾…æ—¶é—´,,,,
nan,1802,æ— æ³•åƒåˆé¤çš„å­¦ç”Ÿæ•°é‡,,,,
nan,1324,çƒä¼šè½ä½•å¤„,,,,
nan,1826,ä¸æ•°ç»„ä¸­å…ƒç´ çš„æœ€å¤§å¼‚æˆ–å€¼,,,,
nan,1824,åƒè‹¹æœçš„æœ€å¤§æ•°ç›®,,,,
nan,1823,åˆ¤æ–­å­—ç¬¦ä¸²çš„ä¸¤åŠæ˜¯å¦ç›¸ä¼¼,,,,
nan,1814,è·³è·ƒæ¸¸æˆ VI,,,,
nan,1815,æ£€æŸ¥è¾¹é•¿åº¦é™åˆ¶çš„è·¯å¾„æ˜¯å¦å­˜åœ¨,,,,
nan,1812,é‡æ–°æ ¼å¼åŒ–ç”µè¯å·ç ,,,,
nan,1813,åˆ é™¤å­æ•°ç»„çš„æœ€å¤§å¾—åˆ†,,,,
nan,1789,ä»ä»“åº“åˆ°ç å¤´è¿è¾“ç®±å­,,,,
nan,1788,çŸ³å­æ¸¸æˆ VI,,,,
nan,1787,æœ‰åºæ•°ç»„ä¸­å·®ç»å¯¹å€¼ä¹‹å’Œ,,,,
nan,1786,ç»Ÿè®¡ä¸€è‡´å­—ç¬¦ä¸²çš„æ•°ç›®,,,,
nan,1808,çŸ³å­æ¸¸æˆ VII,,,,
nan,1367,å †å é•¿æ–¹ä½“çš„æœ€å¤§é«˜åº¦,,,,
nan,1806,æ¯”èµ›ä¸­çš„é…å¯¹æ¬¡æ•°,,,,
nan,1807,å-äºŒè¿›åˆ¶æ•°çš„æœ€å°‘æ•°ç›®,,,,
nan,1810,æ”¹å˜äºŒå‰æ ‘çš„æ ¹èŠ‚ç‚¹,,,,
nan,1800,è¿æ¥è¿ç»­äºŒè¿›åˆ¶æ•°å­—,,,,
nan,1799,æœ€å°ä¸å…¼å®¹æ€§,,,,
nan,1797,è®¾è®¡ Goal è§£æå™¨,,,,
nan,1798,K å’Œæ•°å¯¹çš„æœ€å¤§æ•°ç›®,,,,
nan,1764,æœ€å¤§é‡å¤å­å­—ç¬¦ä¸²,,,,
nan,1794,æ•°ç»„çš„æœ€å°åç§»é‡,,,,
nan,1829,å¡è½¦ä¸Šçš„æœ€å¤§å•å…ƒæ•°,,,,
nan,1832,å¾—åˆ°å­åºåˆ—çš„æœ€å°‘æ“ä½œæ¬¡æ•°,,,,
nan,1831,å°†æ•°ç»„åˆ†æˆä¸‰ä¸ªå­æ•°ç»„çš„æ–¹æ¡ˆæ•°,,,,
nan,1822,æœ€é•¿å›æ–‡å­åºåˆ— II,,,,
nan,1000172,å†’æ³¡æ’åº,,,,
nan,1000171,é‡å¤å­—ç¬¦ä¸²é‡å‘½å,,,,
nan,1000170,åƒåœ¾åˆ†ç±»,,,,
nan,1000169,ä¸€å…ƒä¸€æ¬¡æ–¹ç¨‹æ±‚æ ¹,,,,
nan,1000168,å·¥äººè°ƒåº¦,,,,
nan,1000167,å¤šæº D ç‚¹,,,,
nan,1000166,ç®€å•æ¸¸æˆ,,,,
nan,1000164,åœ°ç –æŸ“è‰²,,,,
nan,1000163,ç®—å¼è½¬ç§»,,,,
nan,1000162,é¡¹ç›®åˆ†é…,,,,
nan,1000161,Hilbert æ›²çº¿,,,,
nan,1000160,DIST,,,,
nan,1000159,ç ´è¯‘å¯†ç ,,,,
nan,1000158,äº¤é€šè½¨è¿¹åˆ†æ,,,,
nan,1793,ä½¿æ•°ç»„äº’è¡¥çš„æœ€å°‘æ“ä½œæ¬¡æ•°,,,,
nan,1000157,å®…ç”·çš„ç”Ÿæ´»,,,,
nan,1000155,ç«è½¦ç¼–ç»„é¢˜,,,,
nan,1000154,é­”æ³•æƒæ–å¼ºåŒ–,,,,
nan,1000153,è‹±æ–‡å•è¯æ‹¼å†™çº é”™æ¨è,,,,
nan,1000152,æ’åˆ—å°çƒ,,,,
nan,1820,é‡æ„ä¸€æ£µæ ‘çš„æ–¹æ¡ˆæ•°,,,,
nan,1819,æ„å»ºå­—å…¸åºæœ€å¤§çš„å¯è¡Œåºåˆ—,,,,
nan,1818,åˆ é™¤å­å­—ç¬¦ä¸²çš„æœ€å¤§å¾—åˆ†,,,,
nan,1817,è®¡ç®—åŠ›æ‰£é“¶è¡Œçš„é’±,,,,
nan,1840,æ‰§è¡Œäº¤æ¢æ“ä½œåçš„æœ€å°æ±‰æ˜è·ç¦»,,,,
nan,1825,å®Œæˆæ‰€æœ‰å·¥ä½œçš„æœ€çŸ­æ—¶é—´,,,,
nan,528,äº¤æ¢é“¾è¡¨ä¸­çš„èŠ‚ç‚¹,,,,
nan,1839,è§£ç å¼‚æˆ–åçš„æ•°ç»„,,,,
nan,1816,äºŒå‰æ ‘çš„æœ€è¿‘å…¬å…±ç¥–å…ˆ IV,,,,
nan,1828,è®¡ç®—åˆ†é…ç³–æœçš„ä¸åŒæ–¹å¼,,,,
nan,1000156,æœ€ä¾¿å®œçš„æœºç¥¨,,,,
nan,1792,æ‰¾å‡ºæœ€å…·ç«äº‰åŠ›çš„å­åºåˆ—,,,,
nan,1791,æœ€å¯Œæœ‰å®¢æˆ·çš„èµ„äº§æ€»é‡,,,,
nan,1766,å¾—åˆ°å±±å½¢æ•°ç»„çš„æœ€å°‘åˆ é™¤æ¬¡æ•°,,,,
nan,1753,æœ€å°ä½“åŠ›æ¶ˆè€—è·¯å¾„,,,,
nan,1751,æŒ‰é”®æŒç»­æ—¶é—´æœ€é•¿çš„é”®,,,,
nan,1752,ç­‰å·®å­æ•°ç»„,,,,
nan,1000150,å¤è€çš„æ¸¸æˆæœº,,,,
nan,1000149,åˆ†å‰²ç¯,,,,
nan,1384,æ‰¾å‡ºé€‚åº”å±å¹•çš„æœ€å¤§å­—å·,,,,
nan,1750,æ£€æŸ¥ä¸¤æ£µäºŒå‰è¡¨è¾¾å¼æ ‘æ˜¯å¦ç­‰ä»·,,,,
nan,1745,æ‰¾åˆ°äºŒå‰æ ‘ä¸­æœ€è¿‘çš„å³ä¾§èŠ‚ç‚¹,,,,
nan,1728,å¥‡å¦™åºåˆ—,,,,
nan,1725,å¤§å°ä¸º K çš„ä¸é‡å çº¿æ®µçš„æ•°ç›®,,,,
nan,1726,ç½‘ç»œä¿¡å·æœ€å¥½çš„åæ ‡,,,,
nan,1210,åˆ é™¤æŸäº›å…ƒç´ åçš„æ•°ç»„å‡å€¼,,,,
nan,1223,å¸¦é˜ˆå€¼çš„å›¾è¿é€šæ€§,,,,
nan,1747,æ‰§è¡Œæ“ä½œåå­—å…¸åºæœ€å°çš„å­—ç¬¦ä¸²,,,,
nan,1257,çŸ©é˜µè½¬æ¢åçš„ç§©,,,,
nan,1748,æ— çŸ›ç›¾çš„æœ€ä½³çƒé˜Ÿ,,,,
nan,1739,åˆ†å‰²ä¸¤ä¸ªå­—ç¬¦ä¸²å¾—åˆ°å›æ–‡ä¸²,,,,
nan,1740,ç»Ÿè®¡å­æ ‘ä¸­åŸå¸‚ä¹‹é—´æœ€å¤§è·ç¦»,,,,
nan,1738,æœ€å¤§ç½‘ç»œç§©,,,,
nan,1737,æ‹¬å·çš„æœ€å¤§åµŒå¥—æ·±åº¦,,,,
nan,1713,ä¸¤ä¸ªç¨€ç–å‘é‡çš„ç‚¹ç§¯,,,,
nan,1687,å›¾ä¸­æœ€ç›¸ä¼¼çš„è·¯å¾„,,,,
nan,1703,æŠŠç®±å­æ”¾è¿›ä»“åº“é‡Œ I,,,,
nan,1736,æ ¹æ®ä¸­ç¼€è¡¨è¾¾å¼æ„é€ äºŒå‰è¡¨è¾¾å¼æ ‘,,,,
nan,1710,æ‰¾åˆ°å¤„ç†æœ€å¤šè¯·æ±‚çš„æœåŠ¡å™¨,,,,
nan,1711,ç»™å®šè¡Œå’Œåˆ—çš„å’Œæ±‚å¯è¡ŒçŸ©é˜µ,,,,
nan,1709,è­¦å‘Šä¸€å°æ—¶å†…ä½¿ç”¨ç›¸åŒå‘˜å·¥å¡å¤§äºç­‰äºä¸‰æ¬¡çš„äºº,,,,
nan,1708,è®¾è®¡åœè½¦ç³»ç»Ÿ,,,,
nan,1733,å¯è§ç‚¹çš„æœ€å¤§æ•°ç›®,,,,
nan,1732,ä½¿æ•´æ•°å˜ä¸º 0 çš„æœ€å°‘æ“ä½œæ¬¡æ•°,,,,
nan,1746,ä¸¤ä¸ªç›¸åŒå­—ç¬¦ä¹‹é—´çš„æœ€é•¿å­å­—ç¬¦ä¸²,,,,
nan,1000173,æ‰¾å‡ºæœ€é•¿å­—ç¬¦ä¸²å¹¶è¾“å‡º,,,,
nan,489,ç¬¬ K æ¡æœ€å°æŒ‡ä»¤,,,,
nan,1761,ç»Ÿè®¡å­—å…¸åºå…ƒéŸ³å­—ç¬¦ä¸²çš„æ•°ç›®,,,,
nan,1767,è®¾è®¡å‰ä¸­åé˜Ÿåˆ—,,,,
nan,1765,åˆå¹¶ä¸¤ä¸ªé“¾è¡¨,,,,
nan,1000151,01 èƒŒåŒ…é—®é¢˜,,,,
nan,1783,ç”Ÿæˆå¹³è¡¡æ•°ç»„çš„æ–¹æ¡ˆæ•°,,,,
nan,1784,å®Œæˆæ‰€æœ‰ä»»åŠ¡çš„æœ€å°‘åˆå§‹èƒ½é‡,,,,
nan,1781,æ£€æŸ¥ä¸¤ä¸ªå­—ç¬¦ä¸²æ•°ç»„æ˜¯å¦ç›¸ç­‰,,,,
nan,1782,å…·æœ‰ç»™å®šæ•°å€¼çš„æœ€å°å­—ç¬¦ä¸²,,,,
nan,1796,çº æ­£äºŒå‰æ ‘,,,,
nan,1790,äºŒå‰æ ‘çš„æœ€è¿‘å…¬å…±ç¥–å…ˆ III,,,,
nan,1719,æŠŠç®±å­æ”¾è¿›ä»“åº“é‡Œ II,,,,
nan,1780,äºŒå‰æ ‘çš„æœ€è¿‘å…¬å…±ç¥–å…ˆ II,,,,
nan,1774,æ±‚ä¸¤ä¸ªå¤šé¡¹å¼é“¾è¡¨çš„å’Œ,,,,
nan,1778,æœ€å¤§åŒ–ç½‘æ ¼å¹¸ç¦æ„Ÿ,,,,
nan,1777,ç¡®å®šä¸¤ä¸ªå­—ç¬¦ä¸²æ˜¯å¦æ¥è¿‘,,,,
nan,1762,å¯ä»¥åˆ°è¾¾çš„æœ€è¿œå»ºç­‘,,,,
nan,1776,å°† x å‡åˆ° 0 çš„æœ€å°æ“ä½œæ•°,,,,
nan,1758,åˆ†é…é‡å¤æ•´æ•°,,,,
nan,1757,åˆ°å®¶çš„æœ€å°‘è·³è·ƒæ¬¡æ•°,,,,
nan,1756,ä½¿å­—ç¬¦ä¸²å¹³è¡¡çš„æœ€å°‘åˆ é™¤æ¬¡æ•°,,,,
nan,1755,æ‹†ç‚¸å¼¹,,,,
nan,1771,é”€å”®ä»·å€¼å‡å°‘çš„é¢œè‰²çƒ,,,,
nan,1772,é€šè¿‡æŒ‡ä»¤åˆ›å»ºæœ‰åºæ•°ç»„,,,,
nan,1770,å­—ç¬¦é¢‘æ¬¡å”¯ä¸€çš„æœ€å°åˆ é™¤æ¬¡æ•°,,,,
nan,1769,è·å–ç”Ÿæˆæ•°ç»„ä¸­çš„æœ€å¤§å€¼,,,,
nan,1768,è®¾è®¡å¸¦è§£æå‡½æ•°çš„è¡¨è¾¾å¼æ ‘,,,,
nan,1744,é€šè¿‡ç»™å®šè¯å…¸æ„é€ ç›®æ ‡å­—ç¬¦ä¸²çš„æ–¹æ¡ˆæ•°,,,,
nan,1743,ç»Ÿè®¡åªå·®ä¸€ä¸ªå­—ç¬¦çš„å­ä¸²æ•°ç›®,,,,
nan,1742,ä¸¤ç‚¹ä¹‹é—´ä¸åŒ…å«ä»»ä½•ç‚¹çš„æœ€å®½å‚ç›´é¢ç§¯,,,,
nan,1741,æŒ‰ç…§é¢‘ç‡å°†æ•°ç»„å‡åºæ’åº,,,,
nan,1760,èƒ½å¦è¿æ¥å½¢æˆæ•°ç»„,,,,
nan,1775,è®¾è®¡æœ‰åºæµ,,,,
nan,1731,å¥‡å¶æ ‘,,,,
nan,1000174,è®¡ç®—å­—ç¬¦ä¸²ä¸ªæ•°,,,,
nan,1000176,å‡ ä½•é€‰æ‹©,,,,
nan,1930,ä½ èƒ½æ„é€ å‡ºè¿ç»­å€¼çš„æœ€å¤§æ•°ç›®,,,,
nan,1906,N æ¬¡æ“ä½œåçš„æœ€å¤§åˆ†æ•°å’Œ,,,,
nan,1905,è®¾è®¡ä¸€ä¸ªéªŒè¯ç³»ç»Ÿ,,,,
nan,1904,å­—ç¬¦ä¸²ä¸­ç¬¬äºŒå¤§çš„æ•°å­—,,,,
nan,1000210,æœ€å°‘çš„ç¡¬å¸ç§ç±»,,,,
nan,1000209,æœ€å¤šçš„ç¡¬å¸æ•°é‡,,,,
nan,1000208,ç¼–è¾‘è·ç¦» II,,,,
nan,1000207,åºåˆ—è·ç¦»,,,,
nan,1000206,5-sum,,,,
nan,1000205,æœ€è¿‘çš„è·ç¦»,,,,
nan,1916,æ‰¾å‡ºæ˜Ÿå‹å›¾çš„ä¸­å¿ƒèŠ‚ç‚¹,,,,
nan,1915,ä»…æ‰§è¡Œä¸€æ¬¡å­—ç¬¦ä¸²äº¤æ¢èƒ½å¦ä½¿ä¸¤ä¸ªå­—ç¬¦ä¸²ç›¸ç­‰,,,,
nan,1917,æœ€å¤§å¹³å‡é€šè¿‡ç‡,,,,
nan,1918,å¥½å­æ•°ç»„çš„æœ€å¤§åˆ†æ•°,,,,
nan,1000204,å®Œå…¨èƒŒåŒ…é—®é¢˜,,,,
nan,1912,ä»ç¬¬ä¸€ä¸ªèŠ‚ç‚¹å‡ºå‘åˆ°æœ€åä¸€ä¸ªèŠ‚ç‚¹çš„å—é™è·¯å¾„æ•°,,,,
nan,1913,ä½¿æ‰€æœ‰åŒºé—´çš„å¼‚æˆ–ç»“æœä¸ºé›¶,,,,
nan,1911,æ„æˆç‰¹å®šå’Œéœ€è¦æ·»åŠ çš„æœ€å°‘å…ƒç´ ,,,,
nan,1910,æ£€æŸ¥äºŒè¿›åˆ¶å­—ç¬¦ä¸²å­—æ®µ,,,,
nan,1890,æ‰€æœ‰å­å­—ç¬¦ä¸²ç¾ä¸½å€¼ä¹‹å’Œ,,,,
nan,1889,åˆ¤æ–­ä¸€ä¸ªæ•°å­—æ˜¯å¦å¯ä»¥è¡¨ç¤ºæˆä¸‰çš„å¹‚çš„å’Œ,,,,
nan,1888,æ‰¾åˆ°æœ€è¿‘çš„æœ‰ç›¸åŒ X æˆ– Y åæ ‡çš„ç‚¹,,,,
nan,1891,ç»Ÿè®¡ç‚¹å¯¹çš„æ•°ç›®,,,,
nan,1919,æŒ‰å—æ¬¢è¿ç¨‹åº¦æ’åˆ—åŠŸèƒ½,,,,
nan,1903,è®¾è®¡æœ€è¿‘ä½¿ç”¨ï¼ˆMRUï¼‰é˜Ÿåˆ—,,,,
nan,1909,èƒ½çœ‹åˆ°æµ·æ™¯çš„å»ºç­‘ç‰©,,,,
nan,1900,æœ€æ¥è¿‘ç›®æ ‡ä»·æ ¼çš„ç”œç‚¹æˆæœ¬,,,,
nan,1899,ç»Ÿè®¡åŒ¹é…æ£€ç´¢è§„åˆ™çš„ç‰©å“æ•°é‡,,,,
nan,1902,è½¦é˜Ÿ II,,,,
nan,1928,ç§¯å‹è®¢å•ä¸­çš„è®¢å•æ€»æ•°,,,,
nan,1929,æœ‰ç•Œæ•°ç»„ä¸­æŒ‡å®šä¸‹æ ‡å¤„çš„æœ€å¤§å€¼,,,,
nan,1907,ç»Ÿè®¡å¼‚æˆ–å€¼åœ¨èŒƒå›´å†…çš„æ•°å¯¹æœ‰å¤šå°‘,,,,
nan,1927,æœ€å¤§å‡åºå­æ•°ç»„å’Œ,,,,
nan,1951,æ‰¾å‡ºæ¸¸æˆçš„è·èƒœè€…,,,,
nan,1950,æ•°ç»„å…ƒç´ ç§¯çš„ç¬¦å·,,,,
nan,1953,æ±‚å‡º MK å¹³å‡å€¼,,,,
nan,1952,æœ€å°‘ä¾§è·³æ¬¡æ•°,,,,
nan,1000224,é­”å¡”æ¸¸æˆ,,,,
nan,1000223,å®ˆå«åŸå ¡,,,,
nan,1000222,æœ€å¤šç‰Œç»„æ•°,,,,
nan,1000221,è“„æ°´,,,,
nan,1000220,ç”µåŠ¨è½¦æ¸¸åŸå¸‚,,,,
nan,1945,æŸ¥æ‰¾ç”¨æˆ·æ´»è·ƒåˆ†é’Ÿæ•°,,,,
nan,1946,ç»å¯¹å·®å€¼å’Œ,,,,
nan,1947,åºåˆ—ä¸­ä¸åŒæœ€å¤§å…¬çº¦æ•°çš„æ•°ç›®,,,,
nan,1944,æˆªæ–­å¥å­,,,,
nan,1924,å¾—åˆ°æ–°é²œç”œç”œåœˆçš„æœ€å¤šç»„æ•°,,,,
nan,1901,é€šè¿‡æœ€å°‘æ“ä½œæ¬¡æ•°ä½¿æ•°ç»„çš„å’Œç›¸ç­‰,,,,
nan,1925,ç»Ÿè®¡ä¸€ä¸ªæ•°ç»„ä¸­å¥½å¯¹å­çš„æ•°ç›®,,,,
nan,1920,åˆ¤æ–­å›½é™…è±¡æ£‹æ£‹ç›˜ä¸­ä¸€ä¸ªæ ¼å­çš„é¢œè‰²,,,,
nan,1000219,æ‰¹é‡å¤„ç†ä»»åŠ¡,,,,
nan,1000218,å˜æ¢çš„è¿·å®«,,,,
nan,1000217,ç‰¹æ®ŠäºŒè¿›åˆ¶è¡¨ç¤ºæ³•,,,,
nan,1000216,ä¹å›¢ç«™ä½,,,,
nan,1000215,é‡‡è´­æ–¹æ¡ˆ,,,,
nan,1000214,æ ‘çš„åˆ’åˆ†,,,,
nan,1000213,å–å®,,,,
nan,1000212,å­ä¸²åŒ…å«é—®é¢˜,,,,
nan,1000211,å­ä¸²åŒ¹é…,,,,
nan,1933,å­—ç¬¦ä¸²ä¸­ä¸åŒæ•´æ•°çš„æ•°ç›®,,,,
nan,1935,è¿˜åŸæ’åˆ—çš„æœ€å°‘æ“ä½œæ­¥æ•°,,,,
nan,1934,æ›¿æ¢å­—ç¬¦ä¸²ä¸­çš„æ‹¬å·å†…å®¹,,,,
nan,1936,å¥½å› å­çš„æœ€å¤§æ•°ç›®,,,,
nan,1923,å¥å­ç›¸ä¼¼æ€§ III,,,,
nan,1000203,åå­—è·¯å£,,,,
nan,1000202,å°å›¢çš„ AB é˜Ÿ,,,,
nan,1000201,åçˆ±å­—æ¯,,,,
nan,1809,æ•°ç»„ä¸­ç‰¹æ®Šç­‰é—´è·å…ƒç´ çš„å’Œ,,,,
nan,1865,æ£€æŸ¥è¾¹é•¿åº¦é™åˆ¶çš„è·¯å¾„æ˜¯å¦å­˜åœ¨ II,,,,
nan,1000188,6. å¤å­£ç‰¹æƒ ,,,,
nan,1000187,4. æœºå™¨äººè·³è·ƒé—®é¢˜,,,,
nan,1000186,2. å‘ä¸‹åˆèŒ¶,,,,
nan,1000185,16. æœ€çŸ­ç§»åŠ¨è·ç¦»,,,,
nan,1000184,10. æ•°ç»„ç»„æˆæœ€å¤§æ•°,,,,
nan,1000183,3. å¤ç”Ÿç‰©è¡€ç¼˜è¿œè¿‘åˆ¤å®š,,,,
nan,1000182,7. åŒ–å­¦å…¬å¼è§£æ,,,,
nan,1866,ä»ç›¸é‚»å…ƒç´ å¯¹è¿˜åŸæ•°ç»„,,,,
nan,1844,ç›’å­ä¸­å°çƒçš„æœ€å¤§æ•°é‡,,,,
nan,1872,ä½ èƒ½åœ¨ä½ æœ€å–œæ¬¢çš„é‚£å¤©åƒåˆ°ä½ æœ€å–œæ¬¢çš„ç³–æœå—ï¼Ÿ,,,,
nan,1871,å›æ–‡ä¸²åˆ†å‰² IV,,,,
nan,1836,ç”Ÿæˆä¹˜ç§¯æ•°ç»„çš„æ–¹æ¡ˆæ•°,,,,
nan,550,è·å–é£Ÿç‰©çš„æœ€çŸ­è·¯å¾„,,,,
nan,1858,æ›¿æ¢éšè—æ•°å­—å¾—åˆ°çš„æœ€æ™šæ—¶é—´,,,,
nan,1860,æ‰¾å‡ºç¬¬ K å¤§çš„å¼‚æˆ–åæ ‡å€¼,,,,
nan,1861,æ”¾ç½®ç›’å­,,,,
nan,1835,è§£ç å¼‚æˆ–åçš„æ’åˆ—,,,,
nan,1834,éœ€è¦æ•™è¯­è¨€çš„æœ€å°‘äººæ•°,,,,
nan,1833,æ‰¾åˆ°æœ€é«˜æµ·æ‹”,,,,
nan,1847,é•¿åº¦ä¸º K çš„æœ€å¤§å­æ•°ç»„,,,,
nan,1000181,è¯·å®ç°ä¸‹é¢çš„é“¾å¼è°ƒç”¨å‡½æ•°ï¼Œä»¥ä½¿å…¶èƒ½å¤Ÿå®ç°é“¾å¼è°ƒç”¨,,,,
nan,1000179,è¯·å®ç°å‡½æ•° parseQueryString,,,,
nan,1364,åŒç§¯å…ƒç»„,,,,
nan,1843,å¯ä»¥å½¢æˆæœ€å¤§æ­£æ–¹å½¢çš„çŸ©å½¢æ•°ç›®,,,,
nan,1727,çŒ«å’Œè€é¼  II,,,,
nan,1845,é‡æ–°æ’åˆ—åçš„æœ€å¤§å­çŸ©é˜µ,,,,
nan,1000178,åºåˆ—ç§»é™¤,,,,
nan,1000177,åˆ‡å‰²å­—ç¬¦ä¸²,,,,
nan,1859,æ»¡è¶³ä¸‰æ¡ä»¶ä¹‹ä¸€éœ€æ”¹å˜çš„æœ€å°‘å­—ç¬¦æ•°,,,,
nan,1000175,æ¥é©¾æœ€çŸ­è·ç¦»ç®—æ³•,,,,
nan,1883,æ‰¾åˆ°äºŒå‰æ ‘ä¸­çš„è·ç¦»,,,,
nan,1879,ç§»é™¤çŸ³å­çš„æœ€å¤§å¾—åˆ†,,,,
nan,1000200,å°ç¾çš„ä¹¦æ¶,,,,
nan,1000199,æ­é…å‡ºå”®,,,,
nan,1000198,å°å›¢çš„é»˜å¥‘æ¸¸æˆ,,,,
nan,1000197,å°å›¢çš„è£…é¥°ç‰©,,,,
nan,1000196,å°å›¢æ— è·¯å¯é€ƒ,,,,
nan,1000195,å°å›¢çš„é€‰è°ƒè®¡åˆ’,,,,
nan,1000194,å°å›¢çš„ç¥ç§˜æš—å·,,,,
nan,1000193,å°ç¾çš„åŒºåŸŸä¼šè®®,,,,
nan,1000192,å°å›¢çš„å¤åˆ¶ç²˜è´´,,,,
nan,1000191,å°ç¾çš„è·‘è…¿ä»£è´­,,,,
nan,1000190,å°ç¾çš„ä»“åº“æ•´ç†,,,,
nan,1000189,å°ç¾çš„ç”¨æˆ·å,,,,
nan,1897,ç”±å­åºåˆ—æ„é€ çš„æœ€é•¿å›æ–‡ä¸²çš„é•¿åº¦,,,,
nan,1896,æ‰§è¡Œä¹˜æ³•è¿ç®—çš„æœ€å¤§åˆ†æ•°,,,,
nan,1881,æœ€æ¥è¿‘ç›®æ ‡å€¼çš„å­åºåˆ—å’Œ,,,,
nan,1895,ç§»åŠ¨æ‰€æœ‰çƒåˆ°æ¯ä¸ªç›’å­æ‰€éœ€çš„æœ€å°æ“ä½œæ•°,,,,
nan,1876,åœ°å›¾ä¸­çš„æœ€é«˜ç‚¹,,,,
nan,1894,äº¤æ›¿åˆå¹¶å­—ç¬¦ä¸²,,,,
nan,1874,é€šè¿‡è¿æ¥å¦ä¸€ä¸ªæ•°ç»„çš„å­æ•°ç»„å¾—åˆ°ä¸€ä¸ªæ•°ç»„,,,,
nan,1873,æœ€é•¿çš„ç¾å¥½å­å­—ç¬¦ä¸²,,,,
nan,1887,ä¸€ä¸ªå›¾ä¸­è¿é€šä¸‰å…ƒç»„çš„æœ€å°åº¦æ•°,,,,
nan,1886,è¢‹å­é‡Œæœ€å°‘æ•°ç›®çš„çƒ,,,,
nan,1884,ç”Ÿæˆäº¤æ›¿äºŒè¿›åˆ¶å­—ç¬¦ä¸²çš„æœ€å°‘æ“ä½œæ•°,,,,
nan,1885,ç»Ÿè®¡åŒæ„å­å­—ç¬¦ä¸²çš„æ•°ç›®,,,,
nan,1849,ä»»æ„å­æ•°ç»„å’Œçš„ç»å¯¹å€¼çš„æœ€å¤§å€¼,,,,
nan,1851,æœ€å¤šå¯ä»¥å‚åŠ çš„ä¼šè®®æ•°ç›® II,,,,
nan,1850,åˆ é™¤å­—ç¬¦ä¸²ä¸¤ç«¯ç›¸åŒå­—ç¬¦åçš„æœ€çŸ­é•¿åº¦,,,,
nan,1848,å”¯ä¸€å…ƒç´ çš„å’Œ,,,,
nan,1880,æ„é€ å­—å…¸åºæœ€å¤§çš„åˆå¹¶å­—ç¬¦ä¸²,,,,
nan,1878,æ£€æŸ¥æ•°ç»„æ˜¯å¦ç»æ’åºå’Œè½®è½¬å¾—åˆ°,,,,
nan,1875,äº’è´¨æ ‘,,,,
nan,1730,ç‰¹æ®Šæ•°ç»„çš„ç‰¹å¾å€¼,,,,
nan,1672,æ‰¾åˆ°æœ€å¤§æ•´æ•°çš„ç´¢å¼•,,,,
nan,1640,è®¾è®¡æ–‡ä»¶åˆ†äº«ç³»ç»Ÿ,,,,
nan,1576,é‡æ–°è§„åˆ’è·¯çº¿,,,,
nan,1575,åˆ‡å‰²åé¢ç§¯æœ€å¤§çš„è›‹ç³•,,,,
nan,1574,æ•°ç»„ä¸­ä¸¤å…ƒç´ çš„æœ€å¤§ä¹˜ç§¯,,,,
nan,1568,äºŒå‰æ ‘ä¸­çš„ä¼ªå›æ–‡è·¯å¾„,,,,
nan,1569,ä¸¤ä¸ªå­åºåˆ—çš„æœ€å¤§ç‚¹ç§¯,,,,
nan,1374,è‡³å°‘æœ‰ä¸€ä¸ª 1 çš„æœ€å·¦ç«¯åˆ—,,,,
nan,1566,æ£€æŸ¥å•è¯æ˜¯å¦ä¸ºå¥ä¸­å…¶ä»–å•è¯çš„å‰ç¼€,,,,
nan,1567,å®šé•¿å­ä¸²ä¸­å…ƒéŸ³çš„æœ€å¤§æ•°ç›®,,,,
nan,1562,æ”¶è—æ¸…å•,,,,
nan,1560,åœ¨æ—¢å®šæ—¶é—´åšä½œä¸šçš„å­¦ç”Ÿäººæ•°,,,,
nan,1561,é‡æ–°æ’åˆ—å¥å­ä¸­çš„å•è¯,,,,
nan,1563,åœ†å½¢é¶å†…çš„æœ€å¤§é£é•–æ•°é‡,,,,
nan,1545,æ•°ä½æˆæœ¬å’Œä¸ºç›®æ ‡å€¼çš„æœ€å¤§æ•°å­—,,,,
nan,1544,ç»Ÿè®¡äºŒå‰æ ‘ä¸­å¥½èŠ‚ç‚¹çš„æ•°ç›®,,,,
nan,1543,æœ€ç®€åˆ†æ•°,,,,
nan,1542,è¿ç»­å­—ç¬¦,,,,
nan,1555,åˆ‡æŠ«è¨çš„æ–¹æ¡ˆæ•°,,,,
nan,1553,å½¢æˆä¸¤ä¸ªå¼‚æˆ–ç›¸ç­‰æ•°ç»„çš„ä¸‰å…ƒç»„æ•°ç›®,,,,
nan,1552,ç”¨æ ˆæ“ä½œæ„å»ºæ•°ç»„,,,,
nan,1554,æ”¶é›†æ ‘ä¸Šæ‰€æœ‰è‹¹æœçš„æœ€å°‘æ—¶é—´,,,,
nan,1531,æ¯ä¸ªäººæˆ´ä¸åŒå¸½å­çš„æ–¹æ¡ˆæ•°,,,,
nan,1530,æ£€æŸ¥ä¸€ä¸ªå­—ç¬¦ä¸²æ˜¯å¦å¯ä»¥æ‰“ç ´å¦ä¸€ä¸ªå­—ç¬¦ä¸²,,,,
nan,1529,æ”¹å˜ä¸€ä¸ªæ•´æ•°èƒ½å¾—åˆ°çš„æœ€å¤§å·®å€¼,,,,
nan,1528,æ‹¥æœ‰æœ€å¤šç³–æœçš„å­©å­,,,,
nan,1550,æœ‰åºçŸ©é˜µä¸­çš„ç¬¬ k ä¸ªæœ€å°æ•°ç»„å’Œ,,,,
nan,1549,ç»å¯¹å·®ä¸è¶…è¿‡é™åˆ¶çš„æœ€é•¿è¿ç»­å­æ•°ç»„,,,,
nan,1548,æ˜¯å¦æ‰€æœ‰ 1 éƒ½è‡³å°‘ç›¸éš” k ä¸ªå…ƒç´ ,,,,
nan,1547,æ—…è¡Œç»ˆç‚¹ç«™,,,,
nan,1537,åˆ†å‰²å­—ç¬¦ä¸²çš„æœ€å¤§å¾—åˆ†,,,,
nan,1577,ä¸¤ä¸ªç›’å­ä¸­çƒçš„é¢œè‰²æ•°ç›¸åŒçš„æ¦‚ç‡,,,,
nan,1556,é€šè¿‡ç¿»è½¬å­æ•°ç»„ä½¿ä¸¤ä¸ªæ•°ç»„ç›¸ç­‰,,,,
nan,1557,æ£€æŸ¥ä¸€ä¸ªå­—ç¬¦ä¸²æ˜¯å¦åŒ…å«æ‰€æœ‰é•¿åº¦ä¸º K çš„äºŒè¿›åˆ¶å­ä¸²,,,,
nan,1558,è¯¾ç¨‹è¡¨ IV,,,,
nan,1366,ç¬¬ä¸€ä¸ªå”¯ä¸€æ•°å­—,,,,
nan,1609,å¯»æ‰¾æ‰€æœ‰çš„ç‹¬ç”ŸèŠ‚ç‚¹,,,,
nan,1587,å¹¶è¡Œè¯¾ç¨‹ II,,,,
nan,1619,åˆ¤æ–­è·¯å¾„æ˜¯å¦ç›¸äº¤,,,,
nan,1622,æ»¡è¶³ä¸ç­‰å¼çš„æœ€å¤§å€¼,,,,
nan,1621,æ»¡è¶³æ¡ä»¶çš„å­åºåˆ—æ•°ç›®,,,,
nan,1620,æ£€æŸ¥æ•°ç»„å¯¹æ˜¯å¦å¯ä»¥è¢« k æ•´é™¤,,,,
nan,1585,n çš„ç¬¬ k ä¸ªå› å­,,,,
nan,1586,åˆ æ‰ä¸€ä¸ªå…ƒç´ ä»¥åå…¨ä¸º 1 çš„æœ€é•¿å­æ•°ç»„,,,,
nan,1584,å»æ‰æœ€ä½å·¥èµ„å’Œæœ€é«˜å·¥èµ„åçš„å·¥èµ„å¹³å‡å€¼,,,,
nan,1624,å…‹éš†å«éšæœºæŒ‡é’ˆçš„äºŒå‰æ ‘,,,,
nan,1613,æ‰¾åˆ°æœ€å°ç”Ÿæˆæ ‘é‡Œçš„å…³é”®è¾¹å’Œä¼ªå…³é”®è¾¹,,,,
nan,1612,é¿å…æ´ªæ°´æ³›æ»¥,,,,
nan,1611,ä¿è¯æ–‡ä»¶åå”¯ä¸€,,,,
nan,1538,å¯è·å¾—çš„æœ€å¤§ç‚¹æ•°,,,,
nan,1610,æ•°ç»„å¼‚æˆ–æ“ä½œ,,,,
nan,1571,å®‰æ’é‚®ç­’,,,,
nan,1573,æ‰¾ä¸¤ä¸ªå’Œä¸ºç›®æ ‡å€¼ä¸”ä¸é‡å çš„å­æ•°ç»„,,,,
nan,1572,å­çŸ©å½¢æŸ¥è¯¢,,,,
nan,1570,å•†å“æŠ˜æ‰£åçš„æœ€ç»ˆä»·æ ¼,,,,
nan,1603,ä¸€ç»´æ•°ç»„çš„åŠ¨æ€å’Œ,,,,
nan,1604,ä¸åŒæ•´æ•°çš„æœ€å°‘æ•°ç›®,,,,
nan,1296,æ ‘èŠ‚ç‚¹çš„ç¬¬ K ä¸ªç¥–å…ˆ,,,,
nan,1605,åˆ¶ä½œ m æŸèŠ±æ‰€éœ€çš„æœ€å°‘å¤©æ•°,,,,
nan,1345,å­—ç¬¦ä¸²çš„å·¦å³ç§»,,,,
nan,1583,ç²‰åˆ·æˆ¿å­ III,,,,
nan,1582,è®¾è®¡æµè§ˆå™¨å†å²è®°å½•,,,,
nan,1581,æ•°ç»„ä¸­çš„ k ä¸ªæœ€å¼ºå€¼,,,,
nan,1580,é‡æ–°æ’åˆ—æ•°ç»„,,,,
nan,1559,æ‘˜æ¨±æ¡ƒ II,,,,
nan,1618,åˆ é™¤é“¾è¡¨ M ä¸ªèŠ‚ç‚¹ä¹‹åçš„ N ä¸ªèŠ‚ç‚¹,,,,
nan,1286,å¸¦é™åˆ¶çš„å­åºåˆ—å’Œ,,,,
nan,1539,å¯¹è§’çº¿éå† II,,,,
nan,1535,ç”Ÿæˆæ•°ç»„,,,,
nan,1520,å°†äºŒè¿›åˆ¶è¡¨ç¤ºå‡åˆ° 1 çš„æ­¥éª¤æ•°,,,,
nan,1519,éé€’å¢é¡ºåºçš„æœ€å°å­åºåˆ—,,,,
nan,1503,åšèœé¡ºåº,,,,
nan,1501,åœ†å’ŒçŸ©å½¢æ˜¯å¦æœ‰é‡å ,,,,
nan,1502,æ„é€  K ä¸ªå›æ–‡å­—ç¬¦ä¸²,,,,
nan,1236,ç¬¬ N ä¸ªæ³°æ³¢é‚£å¥‘æ•°,,,,
nan,1513,æ‰¾åˆ°æ‰€æœ‰å¥½å­—ç¬¦ä¸²,,,,
nan,1511,ç»Ÿè®¡ä½œæˆ˜å•ä½æ•°,,,,
nan,1510,æ‰¾å‡ºæ•°ç»„ä¸­çš„å¹¸è¿æ•°,,,,
nan,1488,å°†æ•´æ•°æŒ‰æƒé‡æ’åº,,,,
nan,1508,æœ€é•¿å¿«ä¹å‰ç¼€,,,,
nan,1284,å››å› æ•°,,,,
nan,1505,æŒ‰æ—¢å®šé¡ºåºåˆ›å»ºç›®æ ‡æ•°ç»„,,,,
nan,1507,æ£€æŸ¥ç½‘æ ¼ä¸­æ˜¯å¦å­˜åœ¨æœ‰æ•ˆè·¯å¾„,,,,
nan,1304,æœ€é•¿å¿«ä¹å­—ç¬¦ä¸²,,,,
nan,1486,ä¸¤ä¸ªæ•°ç»„é—´çš„è·ç¦»å€¼,,,,
nan,1489,3n å—æŠ«è¨,,,,
nan,1498,æ‰¾å‡ºå…‹éš†äºŒå‰æ ‘ä¸­çš„ç›¸åŒèŠ‚ç‚¹,,,,
nan,1496,çŸ©é˜µä¸­çš„å¹¸è¿æ•°,,,,
nan,1497,è®¾è®¡ä¸€ä¸ªæ”¯æŒå¢é‡æ“ä½œçš„æ ˆ,,,,
nan,1285,å°†äºŒå‰æœç´¢æ ‘å˜å¹³è¡¡,,,,
nan,1499,æœ€å¤§çš„å›¢é˜Ÿè¡¨ç°å€¼,,,,
nan,1490,ç”Ÿæˆæ¯ç§å­—ç¬¦éƒ½æ˜¯å¥‡æ•°ä¸ªçš„å­—ç¬¦ä¸²,,,,
nan,1491,ç¯æ³¡å¼€å…³ III,,,,
nan,1492,é€šçŸ¥æ‰€æœ‰å‘˜å·¥æ‰€éœ€çš„æ—¶é—´,,,,
nan,1493,T ç§’åé’è›™çš„ä½ç½®,,,,
nan,1475,äºŒå‰æœç´¢å­æ ‘çš„æœ€å¤§é”®å€¼å’Œ,,,,
nan,1474,äºŒå‰æ ‘ä¸­çš„æœ€é•¿äº¤é”™è·¯å¾„,,,,
nan,1473,æ¯ä¸ªå…ƒéŸ³åŒ…å«å¶æ•°æ¬¡çš„æœ€é•¿å­å­—ç¬¦ä¸²,,,,
nan,1472,ä¸Šå‡ä¸‹é™å­—ç¬¦ä¸²,,,,
nan,1487,å®‰æ’ç”µå½±é™¢åº§ä½,,,,
nan,1432,åˆ¤æ–­ç»™å®šçš„åºåˆ—æ˜¯å¦æ˜¯äºŒå‰æ ‘ä»æ ¹åˆ°å¶çš„è·¯å¾„,,,,
nan,1522,çŸ³å­æ¸¸æˆ III,,,,
nan,1000055,ä¸¤æ•°ä¹‹å’Œ II 3,,,,
nan,1534,æ•°é’è›™,,,,
nan,1533,ç‚¹èœå±•ç¤ºè¡¨,,,,
nan,1532,é‡æ–°æ ¼å¼åŒ–å­—ç¬¦ä¸²,,,,
nan,1000095,æ•°å­¦å…´è¶£æ€è€ƒé¢˜,,,,
nan,1515,å’Œä¸º K çš„æœ€å°‘æ–æ³¢é‚£å¥‘æ•°å­—æ•°ç›®,,,,
nan,1514,é€æ­¥æ±‚å’Œå¾—åˆ°æ­£æ•°çš„æœ€å°å€¼,,,,
nan,1516,é•¿åº¦ä¸º n çš„å¼€å¿ƒå­—ç¬¦ä¸²ä¸­å­—å…¸åºç¬¬ k å°çš„å­—ç¬¦ä¸²,,,,
nan,1517,æ¢å¤æ•°ç»„,,,,
nan,1000093,å¯»å®,,,,
nan,1000092,ä¼šè®®é€‰å€,,,,
nan,1000091,æœ€å°çŸ©å½¢é¢ç§¯,,,,
nan,1000090,æœ€å°è·³è·ƒæ¬¡æ•°,,,,
nan,1000089,äºŒå‰æ ‘æŸ“è‰²,,,,
nan,1000088,æ¸¸ä¹å›­çš„è¿·å®«,,,,
nan,1500,ç»Ÿè®¡æœ€å¤§ç»„çš„æ•°ç›®,,,,
nan,1000087,å°å¼ åˆ·é¢˜è®¡åˆ’,,,,
nan,1000085,æ¸¸ä¹å›­çš„æ¸¸è§ˆè®¡åˆ’,,,,
nan,1000063,ä¼ é€’ä¿¡æ¯,,,,
nan,1000062,äºŒå‰æ ‘ä»»åŠ¡è°ƒåº¦,,,,
nan,1000061,ç­‰å¾…æ—¶é—´,,,,
nan,1000060,å·ç§¯ç¥ç»ç½‘ç»œ,,,,
nan,1000059,åˆ‡åˆ†æ•°ç»„,,,,
nan,1000058,é­”æœ¯æ’åˆ—,,,,
nan,1000057,å‰§æƒ…è§¦å‘æ—¶é—´,,,,
nan,1000056,æ‹¿ç¡¬å¸,,,,
nan,1527,ç»™ N x 3 ç½‘æ ¼å›¾æ¶‚è‰²çš„æ–¹æ¡ˆæ•°,,,,
nan,1526,HTML å®ä½“è§£æå™¨,,,,
nan,1525,æŸ¥è¯¢å¸¦é”®çš„æ’åˆ—,,,,
nan,1524,æ•°ç»„ä¸­çš„å­—ç¬¦ä¸²åŒ¹é…,,,,
nan,1391,æ•°å…ƒç´ ,,,,
nan,1000086,æœŸæœ›ä¸ªæ•°ç»Ÿè®¡,,,,
nan,1634,å…‹éš† N å‰æ ‘,,,,
nan,1626,åˆ¤æ–­èƒ½å¦å½¢æˆç­‰å·®æ•°åˆ—,,,,
nan,1629,æœ€å¤š K æ¬¡äº¤æ¢ç›¸é‚»æ•°ä½åå¾—åˆ°çš„æœ€å°æ•´æ•°,,,,
nan,1665,N å‰æ ‘çš„ç›´å¾„,,,,
nan,1000140,é»‘ç™½æ–¹æ ¼ç”»,,,,
nan,1000139,é€Ÿç®—æœºå™¨äºº,,,,
nan,1000138,å¤è‘£é”®ç›˜,,,,
nan,1692,å°†å­æ•°ç»„é‡æ–°æ’åºå¾—åˆ°åŒä¸€ä¸ªäºŒå‰æŸ¥æ‰¾æ ‘çš„æ–¹æ¡ˆæ•°,,,,
nan,1690,ä¹˜ç§¯ä¸ºæ­£æ•°çš„æœ€é•¿å­æ•°ç»„é•¿åº¦,,,,
nan,1691,ä½¿é™†åœ°åˆ†ç¦»çš„æœ€å°‘å¤©æ•°,,,,
nan,1689,é‡å¤è‡³å°‘ K æ¬¡ä¸”é•¿åº¦ä¸º M çš„æ¨¡å¼,,,,
nan,1000137,å¤§æ•°æ±‚ä½™,,,,
nan,1697,åªæœ‰ä¸€ä¸ªä¸åŒå­—ç¬¦çš„å­—ç¬¦ä¸²,,,,
nan,1684,æŸ¥æ‰¾å¤§å°ä¸º M çš„æœ€æ–°åˆ†ç»„,,,,
nan,1685,çŸ³å­æ¸¸æˆ V,,,,
nan,1683,ä½ å¯ä»¥è·å¾—çš„æœ€å¤§ç¡¬å¸æ•°ç›®,,,,
nan,1682,åœ†å½¢èµ›é“ä¸Šç»è¿‡æ¬¡æ•°æœ€å¤šçš„æ‰‡åŒº,,,,
nan,1000141,æ’é˜Ÿ,,,,
nan,1000136,æŠ½å¥–æ´»åŠ¨,,,,
nan,1000134,è¿½é€æ¸¸æˆ,,,,
nan,1000133,å¿«é€Ÿå…¬äº¤,,,,
nan,1000132,å¯¼èˆªè£…ç½®,,,,
nan,1000131,æ•°å­—æ¸¸æˆ,,,,
nan,1000130,ç§‹å¶æ”¶è—é›†,,,,
nan,1000129,å¥—åœˆæ´»åŠ¨,,,,
nan,1661,å¯ä»¥åˆ°è¾¾æ‰€æœ‰ç‚¹çš„æœ€å°‘ç‚¹æ•°ç›®,,,,
nan,1663,äºŒç»´ç½‘æ ¼å›¾ä¸­æ¢æµ‹ç¯,,,,
nan,1662,å¾—åˆ°ç›®æ ‡æ•°ç»„çš„æœ€å°‘å‡½æ•°è°ƒç”¨æ¬¡æ•°,,,,
nan,1660,åƒä½åˆ†éš”æ•°,,,,
nan,1000128,hanhan ä¸¤æ•°ä¹‹å’Œ,,,,
nan,1655,ç§»åŠ¨ N å‰æ ‘çš„å­æ ‘,,,,
nan,1675,ä¸¤çƒä¹‹é—´çš„ç£åŠ›,,,,
nan,1676,åƒæ‰ N ä¸ªæ©˜å­çš„æœ€å°‘å¤©æ•°,,,,
nan,1000135,ç§¯åˆ†æŠ½å¥–æ´»åŠ¨,,,,
nan,1293,å­˜åœ¨è¿ç»­ä¸‰ä¸ªå¥‡æ•°çš„æ•°ç»„,,,,
nan,1000142,çŒ´å­æ‰“å­—,,,,
nan,1000144,é¡¹ç›®ç®¡ç†,,,,
nan,1729,äºŒå‰æœç´¢æ ‘è¿­ä»£å™¨ II,,,,
nan,1681,æ‰¾å‡ºéšè—æ•°ç»„ä¸­å‡ºç°æ¬¡æ•°æœ€å¤šçš„å…ƒç´ ,,,,
nan,1720,æ–‡ä»¶å¤¹æ“ä½œæ—¥å¿—æœé›†å™¨,,,,
nan,1721,ç»è¥æ‘©å¤©è½®çš„æœ€å¤§åˆ©æ¶¦,,,,
nan,1722,çš‡ä½ç»§æ‰¿é¡ºåº,,,,
nan,1723,æœ€å¤šå¯è¾¾æˆçš„æ¢æ¥¼è¯·æ±‚æ•°ç›®,,,,
nan,1696,å¥‡æ€ªçš„æ‰“å°æœº II,,,,
nan,1694,ä½¿æ•°ç»„å’Œèƒ½è¢« P æ•´é™¤,,,,
nan,1695,æ‰€æœ‰æ’åˆ—ä¸­çš„æœ€å¤§å’Œ,,,,
nan,1693,æ‰€æœ‰å¥‡æ•°é•¿åº¦å­æ•°ç»„çš„å’Œ,,,,
nan,1714,é‡æ–°æ’åˆ—å•è¯é—´çš„ç©ºæ ¼,,,,
nan,1715,æ‹†åˆ†å­—ç¬¦ä¸²ä½¿å”¯ä¸€å­å­—ç¬¦ä¸²çš„æ•°ç›®æœ€å¤§,,,,
nan,1716,çŸ©é˜µçš„æœ€å¤§éè´Ÿç§¯,,,,
nan,1717,è¿é€šä¸¤ç»„ç‚¹çš„æœ€å°æˆæœ¬,,,,
nan,1000143,å®¶æ—å…³ç³»,,,,
nan,1704,äºŒè¿›åˆ¶çŸ©é˜µä¸­çš„ç‰¹æ®Šä½ç½®,,,,
nan,1706,è¿æ¥æ‰€æœ‰ç‚¹çš„æœ€å°è´¹ç”¨,,,,
nan,1707,æ£€æŸ¥å­—ç¬¦ä¸²æ˜¯å¦å¯ä»¥é€šè¿‡æ’åºå­å­—ç¬¦ä¸²å¾—åˆ°å¦ä¸€ä¸ªå­—ç¬¦ä¸²,,,,
nan,1000148,é£èˆ¹æ£‹æ¸¸æˆ,,,,
nan,1699,æ•°çš„å¹³æ–¹ç­‰äºä¸¤æ•°ä¹˜ç§¯çš„æ–¹æ³•æ•°,,,,
nan,1700,é¿å…é‡å¤å­—æ¯çš„æœ€å°åˆ é™¤æˆæœ¬,,,,
nan,1698,æ›¿æ¢æ‰€æœ‰çš„é—®å·,,,,
nan,1701,ä¿è¯å›¾å¯å®Œå…¨éå†,,,,
nan,1000147,é»‘ç›’å…‰çº¿åå°„,,,,
nan,1000146,æ—©é¤ç»„åˆ,,,,
nan,1000145,OCRè¯†åˆ«,,,,
nan,1680,ç»Ÿè®¡æ‰€æœ‰å¯è¡Œè·¯å¾„,,,,
nan,1679,åˆ é™¤æœ€çŸ­çš„å­æ•°ç»„ä½¿å‰©ä½™æ•°ç»„æœ‰åº,,,,
nan,1678,åˆ†å‰²å­—ç¬¦ä¸²çš„æ–¹æ¡ˆæ•°,,,,
nan,1677,çŸ©é˜µå¯¹è§’çº¿å…ƒç´ çš„å’Œ,,,,
nan,1705,ç»Ÿè®¡ä¸å¼€å¿ƒçš„æœ‹å‹,,,,
nan,1484,äºŒå‰æ ‘ä¸­çš„åˆ—è¡¨,,,,
nan,1674,ä½¿æ•°ç»„ä¸­æ‰€æœ‰å…ƒç´ ç›¸ç­‰çš„æœ€å°æ“ä½œæ•°,,,,
nan,1666,æ•´ç†å­—ç¬¦ä¸²,,,,
nan,1000102,å‰ä¸€ä¸ªæ’åˆ—,,,,
nan,1000101,æ·»åŠ æœ€å°‘æ‹¬å·,,,,
nan,1000100,æ±‚äºŒç»´æ•°ç»„åŒºåŸŸå’Œ,,,,
nan,1000099,ã€æ ‡ç¨‹æœ‰é—®é¢˜ã€‘æ±‚æ•°ç»„åŒºé—´æ–¹å·®,,,,
nan,1000098,æ±‚æ•°ç»„åŒºé—´å’Œ,,,,
nan,1000097,æ±‚æ•°ç»„ä¸­æ¯ä¸ªæ•°å‰ä¸€æ¬¡å‡ºç°çš„ä½ç½®,,,,
nan,1000096,æ±‚æ•°ç»„ä¸­æ¯ä¸ªæ•°ç¬¬ä¸€æ¬¡å‡ºç°çš„ä½ç½®,,,,
nan,1633,å½¢æˆç›®æ ‡æ•°ç»„çš„å­æ•°ç»„æœ€å°‘å¢åŠ æ¬¡æ•°,,,,
nan,1632,å­—ç¬¦ä¸²çš„å¥½åˆ†å‰²æ•°ç›®,,,,
nan,1631,å’Œä¸ºå¥‡æ•°çš„å­æ•°ç»„æ•°ç›®,,,,
nan,1630,åœ¨åŒºé—´èŒƒå›´å†…ç»Ÿè®¡å¥‡æ•°æ•°ç›®,,,,
nan,1637,å‹ç¼©å­—ç¬¦ä¸² II,,,,
nan,1652,ç¯æ³¡å¼€å…³ IV,,,,
nan,1653,å¥½å¶å­èŠ‚ç‚¹å¯¹çš„æ•°é‡,,,,
nan,1000103,åˆ¤æ–­äºŒå‰æ ‘æ˜¯å¦æ˜¯ä¸€ä¸ªå †,,,,
nan,1651,é‡æ–°æ’åˆ—å­—ç¬¦ä¸²,,,,
nan,1643,å­æ ‘ä¸­æ ‡ç­¾ç›¸åŒçš„èŠ‚ç‚¹æ•°,,,,
nan,1644,æœ€å¤šçš„ä¸é‡å å­å­—ç¬¦ä¸²,,,,
nan,1645,æ‰¾åˆ°æœ€æ¥è¿‘ç›®æ ‡å€¼çš„å‡½æ•°å€¼,,,,
nan,1642,æ¢é…’é—®é¢˜,,,,
nan,1638,æœåŠ¡ä¸­å¿ƒçš„æœ€ä½³ä½ç½®,,,,
nan,1325,æ¦‚ç‡æœ€å¤§çš„è·¯å¾„,,,,
nan,1636,ä»…å« 1 çš„å­ä¸²æ•°,,,,
nan,1635,å¥½æ•°å¯¹çš„æ•°ç›®,,,,
nan,1616,ä¸‰æ¬¡æ“ä½œåæœ€å¤§å€¼ä¸æœ€å°å€¼çš„æœ€å°å·®,,,,
nan,1617,çŸ³å­æ¸¸æˆ IV,,,,
nan,1615,å­æ•°ç»„å’Œæ’åºåçš„åŒºé—´å’Œ,,,,
nan,1283,è½¬å˜æ—¥æœŸæ ¼å¼,,,,
nan,1627,æ‰€æœ‰èš‚èšæ‰ä¸‹æ¥å‰çš„æœ€åä¸€åˆ»,,,,
nan,1628,ç»Ÿè®¡å…¨ 1 å­çŸ©å½¢,,,,
nan,1650,æ‰¾åˆ° N å‰æ ‘çš„æ ¹èŠ‚ç‚¹,,,,
nan,1000127,è´ªåƒè›‡,,,,
nan,1000104,å°†å †è½¬æ¢ä¸ºä¸€ç»´æ•°ç»„,,,,
nan,1000106,æ ‘ä¸Šæœ€è¿‘å…¬å…±ç¥–å…ˆ,,,,
nan,1668,æ‰¾å‡ºæœ€é•¿çš„è¶…èµå­å­—ç¬¦ä¸²,,,,
nan,1667,æ‰¾å‡ºç¬¬ N ä¸ªäºŒè¿›åˆ¶å­—ç¬¦ä¸²ä¸­çš„ç¬¬ K ä½,,,,
nan,1669,åˆ‡æ£å­çš„æœ€å°æˆæœ¬,,,,
nan,1646,ç¬¬ k ä¸ªç¼ºå¤±çš„æ­£æ•´æ•°,,,,
nan,1647,K æ¬¡æ“ä½œè½¬å˜å­—ç¬¦ä¸²,,,,
nan,1648,å¹³è¡¡æ‹¬å·å­—ç¬¦ä¸²çš„æœ€å°‘æ’å…¥æ¬¡æ•°,,,,
nan,1649,å’Œä¸ºç›®æ ‡å€¼çš„æœ€å¤§æ•°ç›®ä¸é‡å éç©ºå­æ•°ç»„æ•°ç›®,,,,
nan,1000126,æ‰¾æ•°æ®æµçš„ä¸­ä½æ•°II,,,,
nan,1000125,ç®€å•è®¡ç®—å™¨ V,,,,
nan,1000124,å®ç°é˜Ÿåˆ—,,,,
nan,1000123,åˆå¹¶ K ä¸ªæœ€å°å †,,,,
nan,1000122,æ»‘åŠ¨çª—å£æœ€å¤§å€¼ II,,,,
nan,1000121,æ»‘åŠ¨çª—å£æ–¹å·®,,,,
nan,1000120,æ±‚æ•°ç»„åŒºé—´æ–¹å·®,,,,
nan,1000105,æŸ¥æ‰¾äºŒå‰æœç´¢æ ‘çš„æœ€å¤§å€¼,,,,
nan,1000119,è®¡ç®—èŠ‚ç‚¹çš„åº¦,,,,
nan,1000117,æ ‘ä¸Šæœ€æ¥è¿‘çš„ä¸¤éƒ¨åˆ†,,,,
nan,1000116,å®ç°æ ˆ,,,,
nan,1000115,ä¹˜ç§¯æœ€å¤§å­åºåˆ—,,,,
nan,1000114,å®ç°åŠ¨æ€æ•°ç»„,,,,
nan,1659,æœ€å¤§å¾—åˆ†,,,,
nan,1658,æ’å¸ƒäºŒè¿›åˆ¶ç½‘æ ¼çš„æœ€å°‘äº¤æ¢æ¬¡æ•°,,,,
nan,1656,ç»Ÿè®¡å¥½ä¸‰å…ƒç»„,,,,
nan,1657,æ‰¾å‡ºæ•°ç»„æ¸¸æˆçš„èµ¢å®¶,,,,
nan,1000112,äºŒå‰æœç´¢æ ‘æœ€åå‡ºç°çš„ä½ç½®,,,,
nan,1000111,äºŒå‰æŸ¥æ‰¾æ ‘ä¸­ç¬¬ K å°çš„å…ƒç´  II,,,,
nan,1000110,æœ‰åºæ•°ç»„ä¸‰æ•°ä¹‹å’Œ,,,,
nan,1000109,æœ€å°‘çš„æ“ä½œä½¿å°é•‡å­˜åœ¨æ³•å®˜,,,,
nan,1000108,åˆ¤æ–­è¿é€šå›¾,,,,
nan,1000107,äºŒå‰æ ‘ä¸Šä¸¤ç‚¹çš„è·ç¦»,,,,
nan,1000118,çº¦ç‘Ÿå¤«ç¯é—®é¢˜,,,,
nan,1239,æœ€å¤§çš„ä»¥ 1 ä¸ºè¾¹ç•Œçš„æ­£æ–¹å½¢,,,,
nan,100034,2019 å¹´ä¸Šæµ·å¸‚åˆ›æ„ç¼–ç¨‹ä¸æ™ºèƒ½è®¾è®¡å¤§èµ› ç®—æ³•ç¼–ç¨‹ é«˜ä¸­ç»„ åˆèµ›ç¬¬ä¸‰é¢˜,,,,
nan,1098,æœ€å¤§å”¯ä¸€æ•°,,,,
nan,671,äºŒå‰æ ‘ä¸­ç¬¬äºŒå°çš„èŠ‚ç‚¹,,,,
nan,398,éšæœºæ•°ç´¢å¼•,,,,
nan,605,ç§èŠ±é—®é¢˜,,,,
nan,406,æ ¹æ®èº«é«˜é‡å»ºé˜Ÿåˆ—,,,,
nan,397,æ•´æ•°æ›¿æ¢,,,,
nan,542,01 çŸ©é˜µ,,,,
nan,476,æ•°å­—çš„è¡¥æ•°,,,,
nan,724,å¯»æ‰¾æ•°ç»„çš„ä¸­å¿ƒä¸‹æ ‡,,,,
nan,433,æœ€å°åŸºå› å˜åŒ–,,,,
nan,757,é‡‘å­—å¡”è½¬æ¢çŸ©é˜µ,,,,
nan,341,æ‰å¹³åŒ–åµŒå¥—åˆ—è¡¨è¿­ä»£å™¨,,,,
nan,230,äºŒå‰æœç´¢æ ‘ä¸­ç¬¬Kå°çš„å…ƒç´ ,,,,
nan,521,æœ€é•¿ç‰¹æ®Šåºåˆ— â… ,,,,
nan,399,é™¤æ³•æ±‚å€¼,,,,
nan,629,Kä¸ªé€†åºå¯¹æ•°ç»„,,,,
nan,801,åˆ¤æ–­äºŒåˆ†å›¾,,,,
nan,409,æœ€é•¿å›æ–‡ä¸²,,,,
nan,343,æ•´æ•°æ‹†åˆ†,,,,
nan,299,çŒœæ•°å­—æ¸¸æˆ,,,,
nan,229,æ±‚ä¼—æ•° II,,,,
nan,319,ç¯æ³¡å¼€å…³,,,,
nan,821,æ‰“ç –å—,,,,
nan,402,ç§»æ‰Kä½æ•°å­—,,,,
nan,669,ä¿®å‰ªäºŒå‰æœç´¢æ ‘,,,,
nan,695,å²›å±¿çš„æœ€å¤§é¢ç§¯,,,,
nan,661,å›¾ç‰‡å¹³æ»‘å™¨,,,,
nan,355,è®¾è®¡æ¨ç‰¹,,,,
nan,581,æœ€çŸ­æ— åºè¿ç»­å­æ•°ç»„,,,,
nan,448,æ‰¾åˆ°æ‰€æœ‰æ•°ç»„ä¸­æ¶ˆå¤±çš„æ•°å­—,,,,
nan,297,äºŒå‰æ ‘çš„åºåˆ—åŒ–ä¸ååºåˆ—åŒ–,,,,
nan,530,äºŒå‰æœç´¢æ ‘çš„æœ€å°ç»å¯¹å·®,,,,
nan,384,æ‰“ä¹±æ•°ç»„,,,,
nan,547,çœä»½æ•°é‡,,,,
nan,236,äºŒå‰æ ‘çš„æœ€è¿‘å…¬å…±ç¥–å…ˆ,,,,
nan,525,è¿ç»­æ•°ç»„,,,,
nan,686,é‡å¤å åŠ å­—ç¬¦ä¸²åŒ¹é…,,,,
nan,460,LFU ç¼“å­˜,,,,
nan,697,æ•°ç»„çš„åº¦,,,,
nan,714,ä¹°å–è‚¡ç¥¨çš„æœ€ä½³æ—¶æœºå«æ‰‹ç»­è´¹,,,,
nan,745,å¯»æ‰¾æ¯”ç›®æ ‡å­—æ¯å¤§çš„æœ€å°å­—æ¯,,,,
nan,420,å¼ºå¯†ç æ£€éªŒå™¨,,,,
nan,372,è¶…çº§æ¬¡æ–¹,,,,
nan,494,ç›®æ ‡å’Œ,,,,
nan,673,æœ€é•¿é€’å¢å­åºåˆ—çš„ä¸ªæ•°,,,,
nan,445,ä¸¤æ•°ç›¸åŠ  II,,,,
nan,759,è®¾ç½®äº¤é›†å¤§å°è‡³å°‘ä¸º2,,,,
nan,825,ä¿æŒåŸå¸‚å¤©é™…çº¿,,,,
nan,488,ç¥–ç›æ¸¸æˆ,,,,
nan,378,æœ‰åºçŸ©é˜µä¸­ç¬¬ K å°çš„å…ƒç´ ,,,,
nan,535,TinyURL çš„åŠ å¯†ä¸è§£å¯†,,,,
nan,741,æ‘˜æ¨±æ¡ƒ,,,,
nan,347,å‰ K ä¸ªé«˜é¢‘å…ƒç´ ,,,,
nan,432,å…¨ O(1) çš„æ•°æ®ç»“æ„,,,,
nan,437,è·¯å¾„æ€»å’Œ III,,,,
nan,575,åˆ†ç³–æœ,,,,
nan,386,å­—å…¸åºæ’æ•°,,,,
nan,793,åœ¨LRå­—ç¬¦ä¸²ä¸­äº¤æ¢ç›¸é‚»å­—ç¬¦,,,,
nan,639,è§£ç æ–¹æ³• II,,,,
nan,491,é€’å¢å­åºåˆ—,,,,
nan,479,æœ€å¤§å›æ–‡æ•°ä¹˜ç§¯,,,,
nan,457,ç¯å½¢æ•°ç»„æ˜¯å¦å­˜åœ¨å¾ªç¯,,,,
nan,436,å¯»æ‰¾å³åŒºé—´,,,,
nan,808,åŒ¹é…å­åºåˆ—çš„å•è¯æ•°,,,,
nan,424,æ›¿æ¢åçš„æœ€é•¿é‡å¤å­—ç¬¦,,,,
nan,640,æ±‚è§£æ–¹ç¨‹,,,,
nan,403,é’è›™è¿‡æ²³,,,,
nan,227,åŸºæœ¬è®¡ç®—å™¨ II,,,,
nan,665,éé€’å‡æ•°åˆ—,,,,
nan,342,4çš„å¹‚,,,,
nan,799,äºŒå‰æœç´¢æ ‘èŠ‚ç‚¹æœ€å°è·ç¦»,,,,
nan,800,å­—æ¯å¤§å°å†™å…¨æ’åˆ—,,,,
nan,812,æ—‹è½¬å­—ç¬¦ä¸²,,,,
nan,594,æœ€é•¿å’Œè°å­åºåˆ—,,,,
nan,551,å­¦ç”Ÿå‡ºå‹¤è®°å½• I,,,,
nan,722,åˆ é™¤æ³¨é‡Š,,,,
nan,452,ç”¨æœ€å°‘æ•°é‡çš„ç®­å¼•çˆ†æ°”çƒ,,,,
nan,720,è¯å…¸ä¸­æœ€é•¿çš„å•è¯,,,,
nan,811,åŒºé—´å­æ•°ç»„ä¸ªæ•°,,,,
nan,400,ç¬¬ N ä½æ•°å­—,,,,
nan,237,åˆ é™¤é“¾è¡¨ä¸­çš„èŠ‚ç‚¹,,,,
nan,345,åè½¬å­—ç¬¦ä¸²ä¸­çš„å…ƒéŸ³å­—æ¯,,,,
nan,543,äºŒå‰æ ‘çš„ç›´å¾„,,,,
nan,443,å‹ç¼©å­—ç¬¦ä¸²,,,,
nan,696,è®¡æ•°äºŒè¿›åˆ¶å­ä¸²,,,,
nan,540,æœ‰åºæ•°ç»„ä¸­çš„å•ä¸€å…ƒç´ ,,,,
nan,441,æ’åˆ—ç¡¬å¸,,,,
nan,334,é€’å¢çš„ä¸‰å…ƒå­åºåˆ—,,,,
nan,232,ç”¨æ ˆå®ç°é˜Ÿåˆ—,,,,
nan,563,äºŒå‰æ ‘çš„å¡åº¦,,,,
nan,504,ä¸ƒè¿›åˆ¶æ•°,,,,
nan,674,æœ€é•¿è¿ç»­é€’å¢åºåˆ—,,,,
nan,290,å•è¯è§„å¾‹,,,,
nan,566,é‡å¡‘çŸ©é˜µ,,,,
nan,287,å¯»æ‰¾é‡å¤æ•°,,,,
nan,365,æ°´å£¶é—®é¢˜,,,,
nan,383,èµé‡‘ä¿¡,,,,
nan,322,é›¶é’±å…‘æ¢,,,,
nan,295,æ•°æ®æµçš„ä¸­ä½æ•°,,,,
nan,315,è®¡ç®—å³ä¾§å°äºå½“å‰å…ƒç´ çš„ä¸ªæ•°,,,,
nan,682,æ£’çƒæ¯”èµ›,,,,
nan,349,ä¸¤ä¸ªæ•°ç»„çš„äº¤é›†,,,,
nan,331,éªŒè¯äºŒå‰æ ‘çš„å‰åºåºåˆ—åŒ–,,,,
nan,260,åªå‡ºç°ä¸€æ¬¡çš„æ•°å­— III,,,,
nan,337,æ‰“å®¶åŠ«èˆ III,,,,
nan,560,å’Œä¸ºKçš„å­æ•°ç»„,,,,
nan,407,æ¥é›¨æ°´ II,,,,
nan,223,çŸ©å½¢é¢ç§¯,,,,
nan,391,å®Œç¾çŸ©å½¢,,,,
nan,670,æœ€å¤§äº¤æ¢,,,,
nan,455,åˆ†å‘é¥¼å¹²,,,,
nan,240,æœç´¢äºŒç»´çŸ©é˜µ II,,,,
nan,335,è·¯å¾„äº¤å‰,,,,
nan,804,æ—‹è½¬æ•°å­—,,,,
nan,599,ä¸¤ä¸ªåˆ—è¡¨çš„æœ€å°ç´¢å¼•æ€»å’Œ,,,,
nan,538,æŠŠäºŒå‰æœç´¢æ ‘è½¬æ¢ä¸ºç´¯åŠ æ ‘,,,,
nan,410,åˆ†å‰²æ•°ç»„çš„æœ€å¤§å€¼,,,,
nan,824,å†™å­—ç¬¦ä¸²éœ€è¦çš„è¡Œæ•°,,,,
nan,822,å”¯ä¸€æ‘©å°”æ–¯å¯†ç è¯,,,,
nan,676,å®ç°ä¸€ä¸ªé­”æ³•å­—å…¸,,,,
nan,368,æœ€å¤§æ•´é™¤å­é›†,,,,
nan,300,æœ€é•¿é€’å¢å­åºåˆ—,,,,
nan,226,ç¿»è½¬äºŒå‰æ ‘,,,,
nan,777,æ‰˜æ™®åˆ©èŒ¨çŸ©é˜µ,,,,
nan,687,æœ€é•¿åŒå€¼è·¯å¾„,,,,
nan,458,å¯æ€œçš„å°çŒª,,,,
nan,274,H æŒ‡æ•°,,,,
nan,275,H æŒ‡æ•° II,,,,
nan,338,æ¯”ç‰¹ä½è®¡æ•°,,,,
nan,693,äº¤æ›¿ä½äºŒè¿›åˆ¶æ•°,,,,
nan,279,å®Œå…¨å¹³æ–¹æ•°,,,,
nan,747,ä½¿ç”¨æœ€å°èŠ±è´¹çˆ¬æ¥¼æ¢¯,,,,
nan,648,å•è¯æ›¿æ¢,,,,
nan,235,äºŒå‰æœç´¢æ ‘çš„æœ€è¿‘å…¬å…±ç¥–å…ˆ,,,,
nan,823,æ•°ç»„çš„å‡å€¼åˆ†å‰²,,,,
nan,233,æ•°å­— 1 çš„ä¸ªæ•°,,,,
nan,782,å®çŸ³ä¸çŸ³å¤´,,,,
nan,654,æœ€å¤§äºŒå‰æ ‘,,,,
nan,301,åˆ é™¤æ— æ•ˆçš„æ‹¬å·,,,,
nan,780,æœ€å¤šèƒ½å®Œæˆæ’åºçš„å—,,,,
nan,329,çŸ©é˜µä¸­çš„æœ€é•¿é€’å¢è·¯å¾„,,,,
nan,289,ç”Ÿå‘½æ¸¸æˆ,,,,
nan,241,ä¸ºè¿ç®—è¡¨è¾¾å¼è®¾è®¡ä¼˜å…ˆçº§,,,,
nan,735,è¡Œæ˜Ÿç¢°æ’,,,,
nan,475,ä¾›æš–å™¨,,,,
nan,328,å¥‡å¶é“¾è¡¨,,,,
nan,498,å¯¹è§’çº¿éå†,,,,
nan,841,å­—ç¬¦çš„æœ€çŸ­è·ç¦»,,,,
nan,438,æ‰¾åˆ°å­—ç¬¦ä¸²ä¸­æ‰€æœ‰å­—æ¯å¼‚ä½è¯,,,,
nan,810,æœ‰æ•ˆçš„äº•å­—æ¸¸æˆ,,,,
nan,832,äºŒå‰æ ‘å‰ªæ,,,,
nan,583,ä¸¤ä¸ªå­—ç¬¦ä¸²çš„åˆ é™¤æ“ä½œ,,,,
nan,492,æ„é€ çŸ©å½¢,,,,
nan,837,æœ€å¸¸è§çš„å•è¯,,,,
nan,805,é€ƒè„±é˜»ç¢è€…,,,,
nan,836,èµ›è½¦,,,,
nan,413,ç­‰å·®æ•°åˆ—åˆ’åˆ†,,,,
nan,373,æŸ¥æ‰¾å’Œæœ€å°çš„Kå¯¹æ•°å­—,,,,
nan,733,å›¾åƒæ¸²æŸ“,,,,
nan,833,å…¬äº¤è·¯çº¿,,,,
nan,598,èŒƒå›´æ±‚å’Œ II,,,,
nan,486,é¢„æµ‹èµ¢å®¶,,,,
nan,225,ç”¨é˜Ÿåˆ—å®ç°æ ˆ,,,,
nan,831,æœ€å¤§å¹³å‡å€¼å’Œçš„åˆ†ç»„,,,,
nan,830,æœ€å¤§ä¸‰è§’å½¢é¢ç§¯,,,,
nan,382,é“¾è¡¨éšæœºèŠ‚ç‚¹,,,,
nan,770,æƒ…ä¾£ç‰µæ‰‹,,,,
nan,655,è¾“å‡ºäºŒå‰æ ‘,,,,
nan,375,çŒœæ•°å­—å¤§å° II,,,,
nan,744,ç½‘ç»œå»¶è¿Ÿæ—¶é—´,,,,
nan,564,å¯»æ‰¾æœ€è¿‘çš„å›æ–‡æ•°,,,,
nan,827,æƒ…æ„Ÿä¸°å¯Œçš„æ–‡å­—,,,,
nan,306,ç´¯åŠ æ•°,,,,
nan,472,è¿æ¥è¯,,,,
nan,327,åŒºé—´å’Œçš„ä¸ªæ•°,,,,
nan,638,å¤§ç¤¼åŒ…,,,,
nan,869,ç›¸ä¼¼å­—ç¬¦ä¸²ç»„,,,,
nan,867,æ–°21ç‚¹,,,,
nan,868,æ¨å¤šç±³è¯º,,,,
nan,866,çŸ©å½¢é‡å ,,,,
nan,307,åŒºåŸŸå’Œæ£€ç´¢ - æ•°ç»„å¯ä¿®æ”¹,,,,
nan,784,äºŒå‰æœç´¢æ ‘ä¸­çš„æ’å…¥æ“ä½œ,,,,
nan,854,æœ€å¤§äººå·¥å²›,,,,
nan,861,ç¿»è½¬å›¾åƒ,,,,
nan,783,äºŒå‰æœç´¢æ ‘ä¸­çš„æœç´¢,,,,
nan,789,æ•°æ®æµä¸­çš„ç¬¬ K å¤§å…ƒç´ ,,,,
nan,764,N å‰æ ‘çš„å±‚åºéå†,,,,
nan,776,N å‰æ ‘çš„ååºéå†,,,,
nan,775,N å‰æ ‘çš„å‰åºéå†,,,,
nan,774,N å‰æ ‘çš„æœ€å¤§æ·±åº¦,,,,
nan,468,éªŒè¯IPåœ°å€,,,,
nan,729,æˆ‘çš„æ—¥ç¨‹å®‰æ’è¡¨ I,,,,
nan,731,æˆ‘çš„æ—¥ç¨‹å®‰æ’è¡¨ II,,,,
nan,732,æˆ‘çš„æ—¥ç¨‹å®‰æ’è¡¨ III,,,,
nan,450,åˆ é™¤äºŒå‰æœç´¢æ ‘ä¸­çš„èŠ‚ç‚¹,,,,
nan,650,åªæœ‰ä¸¤ä¸ªé”®çš„é”®ç›˜,,,,
nan,718,æœ€é•¿é‡å¤å­æ•°ç»„,,,,
nan,392,åˆ¤æ–­å­åºåˆ—,,,,
nan,636,å‡½æ•°çš„ç‹¬å æ—¶é—´,,,,
nan,738,å•è°ƒé€’å¢çš„æ•°å­—,,,,
nan,309,æœ€ä½³ä¹°å–è‚¡ç¥¨æ—¶æœºå«å†·å†»æœŸ,,,,
nan,524,é€šè¿‡åˆ é™¤å­—æ¯åŒ¹é…åˆ°å­—å…¸é‡Œæœ€é•¿å•è¯,,,,
nan,553,æœ€ä¼˜é™¤æ³•,,,,
nan,677,é”®å€¼æ˜ å°„,,,,
nan,856,è¿ç»­æ•´æ•°æ±‚å’Œ,,,,
nan,330,æŒ‰è¦æ±‚è¡¥é½æ•°ç»„,,,,
nan,395,è‡³å°‘æœ‰ K ä¸ªé‡å¤å­—ç¬¦çš„æœ€é•¿å­ä¸²,,,,
nan,393,UTF-8 ç¼–ç éªŒè¯,,,,
nan,394,å­—ç¬¦ä¸²è§£ç ,,,,
nan,423,ä»è‹±æ–‡ä¸­é‡å»ºæ•°å­—,,,,
nan,435,æ— é‡å åŒºé—´,,,,
nan,447,å›æ—‹é•–çš„æ•°é‡,,,,
nan,516,æœ€é•¿å›æ–‡å­åºåˆ—,,,,
nan,689,ä¸‰ä¸ªæ— é‡å å­æ•°ç»„çš„æœ€å¤§å’Œ,,,,
nan,746,å‰ç¼€å’Œåç¼€æœç´¢,,,,
nan,310,æœ€å°é«˜åº¦æ ‘,,,,
nan,419,ç”²æ¿ä¸Šçš„æˆ˜èˆ°,,,,
nan,690,å‘˜å·¥çš„é‡è¦æ€§,,,,
nan,442,æ•°ç»„ä¸­é‡å¤çš„æ•°æ®,,,,
nan,532,æ•°ç»„ä¸­çš„ k-diff æ•°å¯¹,,,,
nan,647,å›æ–‡å­ä¸²,,,,
nan,238,é™¤è‡ªèº«ä»¥å¤–æ•°ç»„çš„ä¹˜ç§¯,,,,
nan,552,å­¦ç”Ÿå‡ºå‹¤è®°å½• II,,,,
nan,440,å­—å…¸åºçš„ç¬¬Kå°æ•°å­—,,,,
nan,421,æ•°ç»„ä¸­ä¸¤ä¸ªæ•°çš„æœ€å¤§å¼‚æˆ–å€¼,,,,
nan,318,æœ€å¤§å•è¯é•¿åº¦ä¹˜ç§¯,,,,
nan,779,æœ€å¤šèƒ½å®Œæˆæ’åºçš„å— II,,,,
nan,768,åˆ’åˆ†å­—æ¯åŒºé—´,,,,
nan,755,åˆ°è¾¾ç»ˆç‚¹æ•°å­—,,,,
nan,726,åŸå­çš„æ•°é‡,,,,
nan,453,æœ€å°æ“ä½œæ¬¡æ•°ä½¿æ•°ç»„å…ƒç´ ç›¸ç­‰,,,,
nan,565,æ•°ç»„åµŒå¥—,,,,
nan,396,æ—‹è½¬å‡½æ•°,,,,
nan,556,ä¸‹ä¸€ä¸ªæ›´å¤§å…ƒç´  III,,,,
nan,284,é¡¶ç«¯è¿­ä»£å™¨,,,,
nan,826,åˆ†æ±¤,,,,
nan,809,é˜¶ä¹˜å‡½æ•°å K ä¸ªé›¶,,,,
nan,496,ä¸‹ä¸€ä¸ªæ›´å¤§å…ƒç´  I,,,,
nan,645,é”™è¯¯çš„é›†åˆ,,,,
nan,600,ä¸å«è¿ç»­1çš„éè´Ÿæ•´æ•°,,,,
nan,473,ç«æŸ´æ‹¼æ­£æ–¹å½¢,,,,
nan,807,è‡ªå®šä¹‰å­—ç¬¦ä¸²æ’åº,,,,
nan,313,è¶…çº§ä¸‘æ•°,,,,
nan,324,æ‘†åŠ¨æ’åº II,,,,
nan,304,äºŒç»´åŒºåŸŸå’Œæ£€ç´¢ - çŸ©é˜µä¸å¯å˜,,,,
nan,506,ç›¸å¯¹åæ¬¡,,,,
nan,477,æ±‰æ˜è·ç¦»æ€»å’Œ,,,,
nan,459,é‡å¤çš„å­å­—ç¬¦ä¸²,,,,
nan,451,æ ¹æ®å­—ç¬¦å‡ºç°é¢‘ç‡æ’åº,,,,
nan,463,å²›å±¿çš„å‘¨é•¿,,,,
nan,456,132 æ¨¡å¼,,,,
nan,474,ä¸€å’Œé›¶,,,,
nan,623,åœ¨äºŒå‰æ ‘ä¸­å¢åŠ ä¸€è¡Œ,,,,
nan,380,å¸¸æ•°æ—¶é—´æ’å…¥ã€åˆ é™¤å’Œè·å–éšæœºå…ƒç´ ,,,,
nan,381,O(1) æ—¶é—´æ’å…¥ã€åˆ é™¤å’Œè·å–éšæœºå…ƒç´  - å…è®¸é‡å¤,,,,
nan,587,å®‰è£…æ …æ ,,,,
nan,537,å¤æ•°ä¹˜æ³•,,,,
nan,572,å¦ä¸€ä¸ªæ ‘çš„å­æ ‘,,,,
nan,632,æœ€å°åŒºé—´,,,,
nan,815,é¦™æ§Ÿå¡”,,,,
nan,591,æ ‡ç­¾éªŒè¯å™¨,,,,
nan,664,å¥‡æ€ªçš„æ‰“å°æœº,,,,
nan,829,å­åŸŸåè®¿é—®è®¡æ•°,,,,
nan,712,ä¸¤ä¸ªå­—ç¬¦ä¸²çš„æœ€å°ASCIIåˆ é™¤å’Œ,,,,
nan,493,ç¿»è½¬å¯¹,,,,
nan,767,äºŒè¿›åˆ¶è¡¨ç¤ºä¸­è´¨æ•°ä¸ªè®¡ç®—ç½®ä½,,,,
nan,503,ä¸‹ä¸€ä¸ªæ›´å¤§å…ƒç´  II,,,,
nan,357,è®¡ç®—å„ä¸ªä½æ•°ä¸åŒçš„æ•°å­—ä¸ªæ•°,,,,
nan,239,æ»‘åŠ¨çª—å£æœ€å¤§å€¼,,,,
nan,740,åˆ é™¤ä¸è·å¾—ç‚¹æ•°,,,,
nan,662,äºŒå‰æ ‘æœ€å¤§å®½åº¦,,,,
nan,819,ä½¿åºåˆ—é€’å¢çš„æœ€å°äº¤æ¢æ¬¡æ•°,,,,
nan,679,24 ç‚¹æ¸¸æˆ,,,,
nan,611,æœ‰æ•ˆä¸‰è§’å½¢çš„ä¸ªæ•°,,,,
nan,621,ä»»åŠ¡è°ƒåº¦å™¨,,,,
nan,529,æ‰«é›·æ¸¸æˆ,,,,
nan,855,ç»Ÿè®¡å­ä¸²ä¸­çš„å”¯ä¸€å­—ç¬¦,,,,
nan,434,å­—ç¬¦ä¸²ä¸­çš„å•è¯æ•°,,,,
nan,685,å†—ä½™è¿æ¥ II,,,,
nan,101,å¯¹ç§°äºŒå‰æ ‘,,,,
nan,371,ä¸¤æ•´æ•°ä¹‹å’Œ,,,,
nan,25,K ä¸ªä¸€ç»„ç¿»è½¬é“¾è¡¨,,,,
nan,231,2çš„å¹‚,,,,
nan,404,å·¦å¶å­ä¹‹å’Œ,,,,
nan,389,æ‰¾ä¸åŒ,,,,
nan,122,ä¹°å–è‚¡ç¥¨çš„æœ€ä½³æ—¶æœº II,,,,
nan,121,ä¹°å–è‚¡ç¥¨çš„æœ€ä½³æ—¶æœº,,,,
nan,54,èºæ—‹çŸ©é˜µ,,,,
nan,31,ä¸‹ä¸€ä¸ªæ’åˆ—,,,,
nan,53,æœ€å¤§å­åºå’Œ,,,,
nan,42,æ¥é›¨æ°´,,,,
nan,41,ç¼ºå¤±çš„ç¬¬ä¸€ä¸ªæ­£æ•°,,,,
nan,37,è§£æ•°ç‹¬,,,,
nan,412,Fizz Buzz,,,,
nan,32,æœ€é•¿æœ‰æ•ˆæ‹¬å·,,,,
nan,38,å¤–è§‚æ•°åˆ—,,,,
nan,44,é€šé…ç¬¦åŒ¹é…,,,,
nan,39,ç»„åˆæ€»å’Œ,,,,
nan,30,ä¸²è”æ‰€æœ‰å•è¯çš„å­ä¸²,,,,
nan,401,äºŒè¿›åˆ¶æ‰‹è¡¨,,,,
nan,387,å­—ç¬¦ä¸²ä¸­çš„ç¬¬ä¸€ä¸ªå”¯ä¸€å­—ç¬¦,,,,
nan,374,çŒœæ•°å­—å¤§å°,,,,
nan,283,ç§»åŠ¨é›¶,,,,
nan,278,ç¬¬ä¸€ä¸ªé”™è¯¯çš„ç‰ˆæœ¬,,,,
nan,268,ä¸¢å¤±çš„æ•°å­—,,,,
nan,258,å„ä½ç›¸åŠ ,,,,
nan,234,å›æ–‡é“¾è¡¨,,,,
nan,206,åè½¬é“¾è¡¨,,,,
nan,202,å¿«ä¹æ•°,,,,
nan,33,æœç´¢æ—‹è½¬æ’åºæ•°ç»„,,,,
nan,88,åˆå¹¶ä¸¤ä¸ªæœ‰åºæ•°ç»„,,,,
nan,100,ç›¸åŒçš„æ ‘,,,,
nan,141,ç¯å½¢é“¾è¡¨,,,,
nan,142,ç¯å½¢é“¾è¡¨ II,,,,
nan,73,çŸ©é˜µç½®é›¶,,,,
nan,204,è®¡æ•°è´¨æ•°,,,,
nan,72,ç¼–è¾‘è·ç¦»,,,,
nan,71,ç®€åŒ–è·¯å¾„,,,,
nan,64,æœ€å°è·¯å¾„å’Œ,,,,
nan,65,æœ‰æ•ˆæ•°å­—,,,,
nan,63,ä¸åŒè·¯å¾„ II,,,,
nan,62,ä¸åŒè·¯å¾„,,,,
nan,61,æ—‹è½¬é“¾è¡¨,,,,
nan,97,äº¤é”™å­—ç¬¦ä¸²,,,,
nan,57,æ’å…¥åŒºé—´,,,,
nan,60,æ’åˆ—åºåˆ—,,,,
nan,59,èºæ—‹çŸ©é˜µ II,,,,
nan,168,Excelè¡¨åˆ—åç§°,,,,
nan,171,Excelè¡¨åˆ—åºå·,,,,
nan,606,æ ¹æ®äºŒå‰æ ‘åˆ›å»ºå­—ç¬¦ä¸²,,,,
nan,45,è·³è·ƒæ¸¸æˆ II,,,,
nan,66,åŠ ä¸€,,,,
nan,92,åè½¬é“¾è¡¨ II,,,,
nan,160,ç›¸äº¤é“¾è¡¨,,,,
nan,167,ä¸¤æ•°ä¹‹å’Œ II - è¾“å…¥æœ‰åºæ•°ç»„,,,,
nan,169,å¤šæ•°å…ƒç´ ,,,,
nan,104,äºŒå‰æ ‘çš„æœ€å¤§æ·±åº¦,,,,
nan,637,äºŒå‰æ ‘çš„å±‚å¹³å‡å€¼,,,,
nan,541,åè½¬å­—ç¬¦ä¸² II,,,,
nan,108,å°†æœ‰åºæ•°ç»„è½¬æ¢ä¸ºäºŒå‰æœç´¢æ ‘,,,,
nan,500,é”®ç›˜è¡Œ,,,,
nan,678,æœ‰æ•ˆçš„æ‹¬å·å­—ç¬¦ä¸²,,,,
nan,657,æœºå™¨äººèƒ½å¦è¿”å›åŸç‚¹,,,,
nan,415,å­—ç¬¦ä¸²ç›¸åŠ ,,,,
nan,118,æ¨è¾‰ä¸‰è§’,,,,
nan,110,å¹³è¡¡äºŒå‰æ ‘,,,,
nan,56,åˆå¹¶åŒºé—´,,,,
nan,507,å®Œç¾æ•°,,,,
nan,40,ç»„åˆæ€»å’Œ II,,,,
nan,36,æœ‰æ•ˆçš„æ•°ç‹¬,,,,
nan,16,æœ€æ¥è¿‘çš„ä¸‰æ•°ä¹‹å’Œ,,,,
nan,15,ä¸‰æ•°ä¹‹å’Œ,,,,
nan,69,x çš„å¹³æ–¹æ ¹,,,,
nan,50,"Pow(x, n)",,,,
nan,48,æ—‹è½¬å›¾åƒ,,,,
nan,539,æœ€å°æ—¶é—´å·®,,,,
nan,18,å››æ•°ä¹‹å’Œ,,,,
nan,367,æœ‰æ•ˆçš„å®Œå…¨å¹³æ–¹æ•°,,,,
nan,27,ç§»é™¤å…ƒç´ ,,,,
nan,51,N çš‡å,,,,
nan,6,Z å­—å½¢å˜æ¢,,,,
nan,12,æ•´æ•°è½¬ç½—é©¬æ•°å­—,,,,
nan,198,æ‰“å®¶åŠ«èˆ,,,,
nan,14,æœ€é•¿å…¬å…±å‰ç¼€,,,,
nan,9,å›æ–‡æ•°,,,,
nan,2,ä¸¤æ•°ç›¸åŠ ,,,,
nan,3,æ— é‡å¤å­—ç¬¦çš„æœ€é•¿å­ä¸²,,,,
nan,4,å¯»æ‰¾ä¸¤ä¸ªæ­£åºæ•°ç»„çš„ä¸­ä½æ•°,,,,
nan,5,æœ€é•¿å›æ–‡å­ä¸²,,,,
nan,21,åˆå¹¶ä¸¤ä¸ªæœ‰åºé“¾è¡¨,,,,
nan,344,åè½¬å­—ç¬¦ä¸²,,,,
nan,8,å­—ç¬¦ä¸²è½¬æ¢æ•´æ•° (atoi),,,,
nan,26,åˆ é™¤æœ‰åºæ•°ç»„ä¸­çš„é‡å¤é¡¹,,,,
nan,7,æ•´æ•°åè½¬,,,,
nan,58,æœ€åä¸€ä¸ªå•è¯çš„é•¿åº¦,,,,
nan,67,äºŒè¿›åˆ¶æ±‚å’Œ,,,,
nan,13,ç½—é©¬æ•°å­—è½¬æ•´æ•°,,,,
nan,10,æ­£åˆ™è¡¨è¾¾å¼åŒ¹é…,,,,
nan,70,çˆ¬æ¥¼æ¢¯,,,,
nan,119,æ¨è¾‰ä¸‰è§’ II,,,,
nan,155,æœ€å°æ ˆ,,,,
nan,35,æœç´¢æ’å…¥ä½ç½®,,,,
nan,22,æ‹¬å·ç”Ÿæˆ,,,,
nan,264,ä¸‘æ•° II,,,,
nan,263,ä¸‘æ•°,,,,
nan,633,å¹³æ–¹æ•°ä¹‹å’Œ,,,,
nan,567,å­—ç¬¦ä¸²çš„æ’åˆ—,,,,
nan,125,éªŒè¯å›æ–‡ä¸²,,,,
nan,49,å­—æ¯å¼‚ä½è¯åˆ†ç»„,,,,
nan,34,åœ¨æ’åºæ•°ç»„ä¸­æŸ¥æ‰¾å…ƒç´ çš„ç¬¬ä¸€ä¸ªå’Œæœ€åä¸€ä¸ªä½ç½®,,,,
nan,55,è·³è·ƒæ¸¸æˆ,,,,
nan,43,å­—ç¬¦ä¸²ç›¸ä¹˜,,,,
nan,24,ä¸¤ä¸¤äº¤æ¢é“¾è¡¨ä¸­çš„èŠ‚ç‚¹,,,,
nan,795,ç¬¬Kä¸ªè¯­æ³•ç¬¦å·,,,,
nan,23,åˆå¹¶Kä¸ªå‡åºé“¾è¡¨,,,,
nan,46,å…¨æ’åˆ—,,,,
nan,136,åªå‡ºç°ä¸€æ¬¡çš„æ•°å­—,,,,
nan,11,ç››æœ€å¤šæ°´çš„å®¹å™¨,,,,
nan,513,æ‰¾æ ‘å·¦ä¸‹è§’çš„å€¼,,,,
nan,228,æ±‡æ€»åŒºé—´,,,,
nan,20,æœ‰æ•ˆçš„æ‹¬å·,,,,
nan,19,åˆ é™¤é“¾è¡¨çš„å€’æ•°ç¬¬ N ä¸ªç»“ç‚¹,,,,
nan,193,æœ‰æ•ˆç”µè¯å·ç ,,,,
nan,643,å­æ•°ç»„æœ€å¤§å¹³å‡æ•° I,,,,
nan,195,ç¬¬åè¡Œ,,,,
nan,593,æœ‰æ•ˆçš„æ­£æ–¹å½¢,,,,
nan,17,ç”µè¯å·ç çš„å­—æ¯ç»„åˆ,,,,
nan,83,åˆ é™¤æ’åºé“¾è¡¨ä¸­çš„é‡å¤å…ƒç´ ,,,,
nan,29,ä¸¤æ•°ç›¸é™¤,,,,
nan,28,å®ç° strStr(),,,,
nan,194,è½¬ç½®æ–‡ä»¶,,,,
nan,52,Nçš‡å II,,,,
nan,698,åˆ’åˆ†ä¸ºkä¸ªç›¸ç­‰çš„å­é›†,,,,
nan,515,åœ¨æ¯ä¸ªæ ‘è¡Œä¸­æ‰¾æœ€å¤§å€¼,,,,
nan,192,ç»Ÿè®¡è¯é¢‘,,,,
nan,414,ç¬¬ä¸‰å¤§çš„æ•°,,,,
nan,205,åŒæ„å­—ç¬¦ä¸²,,,,
nan,47,å…¨æ’åˆ— II,,,,
nan,336,å›æ–‡å¯¹,,,,
nan,316,å»é™¤é‡å¤å­—æ¯,,,,
nan,303,åŒºåŸŸå’Œæ£€ç´¢ - æ•°ç»„ä¸å¯å˜,,,,
nan,179,æœ€å¤§æ•°,,,,
nan,173,äºŒå‰æœç´¢æ ‘è¿­ä»£å™¨,,,,
nan,561,æ•°ç»„æ‹†åˆ† I,,,,
nan,282,ç»™è¡¨è¾¾å¼æ·»åŠ è¿ç®—ç¬¦,,,,
nan,748,è‡³å°‘æ˜¯å…¶ä»–æ•°å­—ä¸¤å€çš„æœ€å¤§æ•°,,,,
nan,216,ç»„åˆæ€»å’Œ III,,,,
nan,495,æè«æ”»å‡»,,,,
nan,166,åˆ†æ•°åˆ°å°æ•°,,,,
nan,165,æ¯”è¾ƒç‰ˆæœ¬å·,,,,
nan,162,å¯»æ‰¾å³°å€¼,,,,
nan,154,å¯»æ‰¾æ—‹è½¬æ’åºæ•°ç»„ä¸­çš„æœ€å°å€¼ II,,,,
nan,719,æ‰¾å‡ºç¬¬ k å°çš„è·ç¦»å¯¹,,,,
nan,153,å¯»æ‰¾æ—‹è½¬æ’åºæ•°ç»„ä¸­çš„æœ€å°å€¼,,,,
nan,151,ç¿»è½¬å­—ç¬¦ä¸²é‡Œçš„å•è¯,,,,
nan,129,æ±‚æ ¹èŠ‚ç‚¹åˆ°å¶èŠ‚ç‚¹æ•°å­—ä¹‹å’Œ,,,,
nan,164,æœ€å¤§é—´è·,,,,
nan,224,åŸºæœ¬è®¡ç®—å™¨,,,,
nan,150,é€†æ³¢å…°è¡¨è¾¾å¼æ±‚å€¼,,,,
nan,149,ç›´çº¿ä¸Šæœ€å¤šçš„ç‚¹æ•°,,,,
nan,148,æ’åºé“¾è¡¨,,,,
nan,147,å¯¹é“¾è¡¨è¿›è¡Œæ’å…¥æ’åº,,,,
nan,145,äºŒå‰æ ‘çš„ååºéå†,,,,
nan,144,äºŒå‰æ ‘çš„å‰åºéå†,,,,
nan,143,é‡æ’é“¾è¡¨,,,,
nan,140,å•è¯æ‹†åˆ† II,,,,
nan,139,å•è¯æ‹†åˆ†,,,,
nan,138,å¤åˆ¶å¸¦éšæœºæŒ‡é’ˆçš„é“¾è¡¨,,,,
nan,152,ä¹˜ç§¯æœ€å¤§å­æ•°ç»„,,,,
nan,688,â€œé©¬â€åœ¨æ£‹ç›˜ä¸Šçš„æ¦‚ç‡,,,,
nan,200,å²›å±¿æ•°é‡,,,,
nan,172,é˜¶ä¹˜åçš„é›¶,,,,
nan,222,å®Œå…¨äºŒå‰æ ‘çš„èŠ‚ç‚¹ä¸ªæ•°,,,,
nan,684,å†—ä½™è¿æ¥,,,,
nan,717,1æ¯”ç‰¹ä¸2æ¯”ç‰¹å­—ç¬¦,,,,
nan,668,ä¹˜æ³•è¡¨ä¸­ç¬¬kå°çš„æ•°,,,,
nan,778,é‡æ„å­—ç¬¦ä¸²,,,,
nan,462,æœ€å°‘ç§»åŠ¨æ¬¡æ•°ä½¿æ•°ç»„å…ƒç´ ç›¸ç­‰ II,,,,
nan,520,æ£€æµ‹å¤§å†™å­—æ¯,,,,
nan,617,åˆå¹¶äºŒå‰æ ‘,,,,
nan,218,å¤©é™…çº¿é—®é¢˜,,,,
nan,215,æ•°ç»„ä¸­çš„ç¬¬Kä¸ªæœ€å¤§å…ƒç´ ,,,,
nan,214,æœ€çŸ­å›æ–‡ä¸²,,,,
nan,213,æ‰“å®¶åŠ«èˆ II,,,,
nan,212,å•è¯æœç´¢ II,,,,
nan,211,æ·»åŠ ä¸æœç´¢å•è¯ - æ•°æ®ç»“æ„è®¾è®¡,,,,
nan,210,è¯¾ç¨‹è¡¨ II,,,,
nan,518,é›¶é’±å…‘æ¢ II,,,,
nan,728,è‡ªé™¤æ•°,,,,
nan,174,åœ°ä¸‹åŸæ¸¸æˆ,,,,
nan,187,é‡å¤çš„DNAåºåˆ—,,,,
nan,188,ä¹°å–è‚¡ç¥¨çš„æœ€ä½³æ—¶æœº IV,,,,
nan,207,è¯¾ç¨‹è¡¨,,,,
nan,189,æ—‹è½¬æ•°ç»„,,,,
nan,454,å››æ•°ç›¸åŠ  II,,,,
nan,134,åŠ æ²¹ç«™,,,,
nan,257,äºŒå‰æ ‘çš„æ‰€æœ‰è·¯å¾„,,,,
nan,208,å®ç° Trie (å‰ç¼€æ ‘),,,,
nan,209,é•¿åº¦æœ€å°çš„å­æ•°ç»„,,,,
nan,326,3çš„å¹‚,,,,
nan,461,æ±‰æ˜è·ç¦»,,,,
nan,221,æœ€å¤§æ­£æ–¹å½¢,,,,
nan,739,æ¯æ—¥æ¸©åº¦,,,,
nan,201,æ•°å­—èŒƒå›´æŒ‰ä½ä¸,,,,
nan,117,å¡«å……æ¯ä¸ªèŠ‚ç‚¹çš„ä¸‹ä¸€ä¸ªå³ä¾§èŠ‚ç‚¹æŒ‡é’ˆ II,,,,
nan,87,æ‰°ä¹±å­—ç¬¦ä¸²,,,,
nan,133,å…‹éš†å›¾,,,,
nan,242,æœ‰æ•ˆçš„å­—æ¯å¼‚ä½è¯,,,,
nan,405,æ•°å­—è½¬æ¢ä¸ºåå…­è¿›åˆ¶æ•°,,,,
nan,91,è§£ç æ–¹æ³•,,,,
nan,628,ä¸‰ä¸ªæ•°çš„æœ€å¤§ä¹˜ç§¯,,,,
nan,485,æœ€å¤§è¿ç»­ 1 çš„ä¸ªæ•°,,,,
nan,107,äºŒå‰æ ‘çš„å±‚åºéå† II,,,,
nan,112,è·¯å¾„æ€»å’Œ,,,,
nan,102,äºŒå‰æ ‘çš„å±‚åºéå†,,,,
nan,103,äºŒå‰æ ‘çš„é”¯é½¿å½¢å±‚åºéå†,,,,
nan,99,æ¢å¤äºŒå‰æœç´¢æ ‘,,,,
nan,98,éªŒè¯äºŒå‰æœç´¢æ ‘,,,,
nan,96,ä¸åŒçš„äºŒå‰æœç´¢æ ‘,,,,
nan,95,ä¸åŒçš„äºŒå‰æœç´¢æ ‘ II,,,,
nan,557,åè½¬å­—ç¬¦ä¸²ä¸­çš„å•è¯ III,,,,
nan,94,äºŒå‰æ ‘çš„ä¸­åºéå†,,,,
nan,350,ä¸¤ä¸ªæ•°ç»„çš„äº¤é›† II,,,,
nan,93,å¤åŸ IP åœ°å€,,,,
nan,78,å­é›†,,,,
nan,90,å­é›† II,,,,
nan,312,æˆ³æ°”çƒ,,,,
nan,321,æ‹¼æ¥æœ€å¤§æ•°,,,,
nan,692,å‰Kä¸ªé«˜é¢‘å•è¯,,,,
nan,721,è´¦æˆ·åˆå¹¶,,,,
nan,680,éªŒè¯å›æ–‡å­—ç¬¦ä¸² â…¡,,,,
nan,217,å­˜åœ¨é‡å¤å…ƒç´ ,,,,
nan,220,å­˜åœ¨é‡å¤å…ƒç´  III,,,,
nan,111,äºŒå‰æ ‘çš„æœ€å°æ·±åº¦,,,,
nan,77,ç»„åˆ,,,,
nan,79,å•è¯æœç´¢,,,,
nan,81,æœç´¢æ—‹è½¬æ’åºæ•°ç»„ II,,,,
nan,89,æ ¼é›·ç¼–ç ,,,,
nan,219,å­˜åœ¨é‡å¤å…ƒç´  II,,,,
nan,86,åˆ†éš”é“¾è¡¨,,,,
nan,203,ç§»é™¤é“¾è¡¨å…ƒç´ ,,,,
nan,199,äºŒå‰æ ‘çš„å³è§†å›¾,,,,
nan,132,åˆ†å‰²å›æ–‡ä¸² II,,,,
nan,131,åˆ†å‰²å›æ–‡ä¸²,,,,
nan,130,è¢«å›´ç»•çš„åŒºåŸŸ,,,,
nan,128,æœ€é•¿è¿ç»­åºåˆ—,,,,
nan,126,å•è¯æ¥é¾™ II,,,,
nan,127,å•è¯æ¥é¾™,,,,
nan,124,äºŒå‰æ ‘ä¸­çš„æœ€å¤§è·¯å¾„å’Œ,,,,
nan,123,ä¹°å–è‚¡ç¥¨çš„æœ€ä½³æ—¶æœº III,,,,
nan,106,ä»ä¸­åºä¸ååºéå†åºåˆ—æ„é€ äºŒå‰æ ‘,,,,
nan,105,ä»å‰åºä¸ä¸­åºéå†åºåˆ—æ„é€ äºŒå‰æ ‘,,,,
nan,135,åˆ†å‘ç³–æœ,,,,
nan,273,æ•´æ•°è½¬æ¢è‹±æ–‡è¡¨ç¤º,,,,
nan,653,ä¸¤æ•°ä¹‹å’Œ IV - è¾“å…¥ BST,,,,
nan,116,å¡«å……æ¯ä¸ªèŠ‚ç‚¹çš„ä¸‹ä¸€ä¸ªå³ä¾§èŠ‚ç‚¹æŒ‡é’ˆ,,,,
nan,114,äºŒå‰æ ‘å±•å¼€ä¸ºé“¾è¡¨,,,,
nan,109,æœ‰åºé“¾è¡¨è½¬æ¢äºŒå‰æœç´¢æ ‘,,,,
nan,84,æŸ±çŠ¶å›¾ä¸­æœ€å¤§çš„çŸ©å½¢,,,,
nan,74,æœç´¢äºŒç»´çŸ©é˜µ,,,,
nan,75,é¢œè‰²åˆ†ç±»,,,,
nan,113,è·¯å¾„æ€»å’Œ II,,,,
nan,137,åªå‡ºç°ä¸€æ¬¡çš„æ•°å­— II,,,,
nan,115,ä¸åŒçš„å­åºåˆ—,,,,
nan,146,LRU ç¼“å­˜æœºåˆ¶,,,,
nan,190,é¢ å€’äºŒè¿›åˆ¶ä½,,,,
nan,191,ä½1çš„ä¸ªæ•°,,,,
nan,76,æœ€å°è¦†ç›–å­ä¸²,,,,
nan,292,Nim æ¸¸æˆ,,,,
nan,120,ä¸‰è§’å½¢æœ€å°è·¯å¾„å’Œ,,,,
nan,85,æœ€å¤§çŸ©å½¢,,,,
nan,80,åˆ é™¤æœ‰åºæ•°ç»„ä¸­çš„é‡å¤é¡¹ II,,,,
nan,82,åˆ é™¤æ’åºé“¾è¡¨ä¸­çš„é‡å¤å…ƒç´  II,,,,
nan,68,æ–‡æœ¬å·¦å³å¯¹é½,,,,
nan,1090,é˜¿å§†æ–¯ç‰¹æœ—æ•°,,,,
nan,857,è¾ƒå¤§åˆ†ç»„çš„ä½ç½®,,,,
nan,354,ä¿„ç½—æ–¯å¥—å¨ƒä¿¡å°é—®é¢˜,,,,
nan,302,åŒ…å«å…¨éƒ¨é»‘è‰²åƒç´ çš„æœ€å°çŸ©å½¢,,,,
nan,298,äºŒå‰æ ‘æœ€é•¿è¿ç»­åºåˆ—,,,,
nan,765,åºåˆ—åŒ–å’Œååºåˆ—åŒ– N å‰æ ‘,,,,
nan,758,å°†äºŒå‰æœç´¢æ ‘è½¬åŒ–ä¸ºæ’åºçš„åŒå‘é“¾è¡¨,,,,
nan,425,å•è¯æ–¹å—,,,,
nan,422,æœ‰æ•ˆçš„å•è¯æ–¹å—,,,,
nan,418,å±å¹•å¯æ˜¾ç¤ºå¥å­çš„æ•°é‡,,,,
nan,305,å²›å±¿æ•°é‡ II,,,,
nan,288,å•è¯çš„å”¯ä¸€ç¼©å†™,,,,
nan,296,æœ€ä½³çš„ç¢°å¤´åœ°ç‚¹,,,,
nan,294,ç¿»è½¬æ¸¸æˆ II,,,,
nan,293,ç¿»è½¬æ¸¸æˆ,,,,
nan,286,å¢™ä¸é—¨,,,,
nan,285,äºŒå‰æœç´¢æ ‘ä¸­çš„ä¸­åºåç»§,,,,
nan,1107,æœ€å°‘äº¤æ¢æ¬¡æ•°æ¥ç»„åˆæ‰€æœ‰çš„ 1,,,,
nan,548,å°†æ•°ç»„åˆ†å‰²æˆå’Œç›¸ç­‰çš„å­æ•°ç»„,,,,
nan,280,æ‘†åŠ¨æ’åº,,,,
nan,277,æœå¯»åäºº,,,,
nan,549,äºŒå‰æ ‘ä¸­æœ€é•¿çš„è¿ç»­åºåˆ—,,,,
nan,276,æ …æ æ¶‚è‰²,,,,
nan,272,æœ€æ¥è¿‘çš„äºŒå‰æœç´¢æ ‘å€¼ II,,,,
nan,562,çŸ©é˜µä¸­æœ€é•¿çš„è¿ç»­1çº¿æ®µ,,,,
nan,411,æœ€çŸ­ç‹¬å å•è¯ç¼©å†™,,,,
nan,408,æœ‰æ•ˆå•è¯ç¼©å†™,,,,
nan,379,ç”µè¯ç›®å½•ç®¡ç†ç³»ç»Ÿ,,,,
nan,370,åŒºé—´åŠ æ³•,,,,
nan,369,ç»™å•é“¾è¡¨åŠ ä¸€,,,,
nan,366,å¯»æ‰¾äºŒå‰æ ‘çš„å¶å­èŠ‚ç‚¹,,,,
nan,364,åŠ æƒåµŒå¥—åºåˆ—å’Œ II,,,,
nan,362,æ•²å‡»è®¡æ•°å™¨,,,,
nan,281,é”¯é½¿è¿­ä»£å™¨,,,,
nan,1113,ç§»åŠ¨çŸ³å­ç›´åˆ°è¿ç»­ II,,,,
nan,1114,æŠŠäºŒå‰æœç´¢æ ‘è½¬æ¢ä¸ºç´¯åŠ æ ‘,,,,
nan,771,å°† N å‰æ ‘ç¼–ç ä¸ºäºŒå‰æ ‘,,,,
nan,582,æ€æ‰è¿›ç¨‹,,,,
nan,536,ä»å­—ç¬¦ä¸²ç”ŸæˆäºŒå‰æ ‘,,,,
nan,527,å•è¯ç¼©å†™,,,,
nan,509,äºŒå‰æœç´¢æ ‘ä¸­çš„ä¸­åºåç»§ II,,,,
nan,499,è¿·å®« III,,,,
nan,505,è¿·å®« II,,,,
nan,865,æ‰«åœ°æœºå™¨äºº,,,,
nan,487,æœ€å¤§è¿ç»­1çš„ä¸ªæ•° II,,,,
nan,634,å¯»æ‰¾æ•°ç»„çš„é”™ä½æ’åˆ—,,,,
nan,625,æœ€å°å› å¼åˆ†è§£,,,,
nan,484,å¯»æ‰¾æ’åˆ—,,,,
nan,471,ç¼–ç æœ€çŸ­é•¿åº¦çš„å­—ç¬¦ä¸²,,,,
nan,469,å‡¸å¤šè¾¹å½¢,,,,
nan,465,æœ€ä¼˜è´¦å•å¹³è¡¡,,,,
nan,533,å­¤ç‹¬åƒç´  II,,,,
nan,531,å­¤ç‹¬åƒç´  I,,,,
nan,490,è¿·å®«,,,,
nan,1111,å¤šè¾¹å½¢ä¸‰è§’å‰–åˆ†çš„æœ€ä½å¾—åˆ†,,,,
nan,439,ä¸‰å…ƒè¡¨è¾¾å¼è§£æå™¨,,,,
nan,444,åºåˆ—é‡å»º,,,,
nan,555,åˆ†å‰²è¿æ¥å­—ç¬¦ä¸²,,,,
nan,1110,å…¬è·¯æµé‡,,,,
nan,573,æ¾é¼ æ¨¡æ‹Ÿ,,,,
nan,361,è½°ç‚¸æ•Œäºº,,,,
nan,1115,æœ‰æ•ˆçš„å›æ—‹é•–,,,,
nan,568,æœ€å¤§ä¼‘å‡å¤©æ•°,,,,
nan,311,ç¨€ç–çŸ©é˜µçš„ä¹˜æ³•,,,,
nan,308,äºŒç»´åŒºåŸŸå’Œæ£€ç´¢ - å¯å˜,,,,
nan,320,åˆ—ä¸¾å•è¯çš„å…¨éƒ¨ç¼©å†™,,,,
nan,317,ç¦»å»ºç­‘ç‰©æœ€è¿‘çš„è·ç¦»,,,,
nan,314,äºŒå‰æ ‘çš„å‚ç›´éå†,,,,
nan,1075,å­—ç¬¦ä¸²çš„ç´¢å¼•å¯¹,,,,
nan,360,æœ‰åºè½¬åŒ–æ•°ç»„,,,,
nan,359,æ—¥å¿—é€Ÿç‡é™åˆ¶å™¨,,,,
nan,356,ç›´çº¿é•œåƒ,,,,
nan,157,ç”¨ Read4 è¯»å– N ä¸ªå­—ç¬¦,,,,
nan,253,ä¼šè®®å®¤ II,,,,
nan,252,ä¼šè®®å®¤,,,,
nan,245,æœ€çŸ­å•è¯è·ç¦» III,,,,
nan,248,ä¸­å¿ƒå¯¹ç§°æ•° III,,,,
nan,247,ä¸­å¿ƒå¯¹ç§°æ•° II,,,,
nan,246,ä¸­å¿ƒå¯¹ç§°æ•°,,,,
nan,1094,è·ç¦»é¡ºåºæ’åˆ—çŸ©é˜µå•å…ƒæ ¼,,,,
nan,1097,å­—ç¬¦æµ,,,,
nan,1096,ä¸¤ä¸ªéé‡å å­æ•°ç»„çš„æœ€å¤§å’Œ,,,,
nan,1095,ä¸¤åœ°è°ƒåº¦,,,,
nan,244,æœ€çŸ­å•è¯è·ç¦» II,,,,
nan,243,æœ€çŸ­å•è¯è·ç¦»,,,,
nan,159,è‡³å¤šåŒ…å«ä¸¤ä¸ªä¸åŒå­—ç¬¦çš„æœ€é•¿å­ä¸²,,,,
nan,156,ä¸Šä¸‹ç¿»è½¬äºŒå‰æ ‘,,,,
nan,1069,æ˜“æ··æ·†æ•°,,,,
nan,1093,ä»å…ˆåºéå†è¿˜åŸäºŒå‰æ ‘,,,,
nan,1060,æœ€é•¿é‡å¤å­ä¸²,,,,
nan,1058,æŒ‰å­—å…¸åºæ’åˆ—æœ€å°çš„ç­‰æ•ˆå­—ç¬¦ä¸²,,,,
nan,1070,è´ŸäºŒè¿›åˆ¶è½¬æ¢,,,,
nan,1071,å¯è¢« 5 æ•´é™¤çš„äºŒè¿›åˆ¶å‰ç¼€,,,,
nan,1073,é£åœ°çš„æ•°é‡,,,,
nan,1072,é“¾è¡¨ä¸­çš„ä¸‹ä¸€ä¸ªæ›´å¤§èŠ‚ç‚¹,,,,
nan,158,ç”¨ Read4 è¯»å– N ä¸ªå­—ç¬¦ II,,,,
nan,291,å•è¯è§„å¾‹ II,,,,
nan,1079,ä»æ ¹åˆ°å¶çš„äºŒè¿›åˆ¶æ•°ä¹‹å’Œ,,,,
nan,1081,è§†é¢‘æ‹¼æ¥,,,,
nan,1080,é©¼å³°å¼åŒ¹é…,,,,
nan,1086,é™¤æ•°åšå¼ˆ,,,,
nan,1087,æœ€é•¿ç­‰å·®æ•°åˆ—,,,,
nan,1092,èŠ‚ç‚¹ä¸å…¶ç¥–å…ˆä¹‹é—´çš„æœ€å¤§å·®å€¼,,,,
nan,1078,åˆ é™¤æœ€å¤–å±‚çš„æ‹¬å·,,,,
nan,588,è®¾è®¡å†…å­˜æ–‡ä»¶ç³»ç»Ÿ,,,,
nan,948,æ’åºæ•°ç»„,,,,
nan,163,ç¼ºå¤±çš„åŒºé—´,,,,
nan,353,è´ªåƒè›‡,,,,
nan,358,K è·ç¦»é—´éš”é‡æ’å­—ç¬¦ä¸²,,,,
nan,351,å®‰å“ç³»ç»Ÿæ‰‹åŠ¿è§£é”,,,,
nan,348,è®¾è®¡äº•å­—æ£‹,,,,
nan,271,å­—ç¬¦ä¸²çš„ç¼–ç ä¸è§£ç ,,,,
nan,270,æœ€æ¥è¿‘çš„äºŒå‰æœç´¢æ ‘å€¼,,,,
nan,269,ç«æ˜Ÿè¯å…¸,,,,
nan,267,å›æ–‡æ’åˆ— II,,,,
nan,266,å›æ–‡æ’åˆ—,,,,
nan,265,ç²‰åˆ·æˆ¿å­ II,,,,
nan,1106,é€ƒç¦»å¤§è¿·å®«,,,,
nan,1105,ä¸ç›¸äº¤çš„çº¿,,,,
nan,1104,è¾¹æ¡†ç€è‰²,,,,
nan,1103,ç§»åŠ¨çŸ³å­ç›´åˆ°è¿ç»­,,,,
nan,1068,èŒƒå›´å†…çš„æ•°å­—è®¡æ•°,,,,
nan,346,æ•°æ®æµä¸­çš„ç§»åŠ¨å¹³å‡å€¼,,,,
nan,261,ä»¥å›¾åˆ¤æ ‘,,,,
nan,170,ä¸¤æ•°ä¹‹å’Œ III - æ•°æ®ç»“æ„è®¾è®¡,,,,
nan,186,ç¿»è½¬å­—ç¬¦ä¸²é‡Œçš„å•è¯ II,,,,
nan,323,æ— å‘å›¾ä¸­è¿é€šåˆ†é‡çš„æ•°ç›®,,,,
nan,249,ç§»ä½å­—ç¬¦ä¸²åˆ†ç»„,,,,
nan,325,å’Œç­‰äº k çš„æœ€é•¿å­æ•°ç»„é•¿åº¦,,,,
nan,250,ç»Ÿè®¡åŒå€¼å­æ ‘,,,,
nan,161,ç›¸éš”ä¸º 1 çš„ç¼–è¾‘è·ç¦»,,,,
nan,251,å±•å¼€äºŒç»´å‘é‡,,,,
nan,333,æœ€å¤§ BST å­æ ‘,,,,
nan,339,åµŒå¥—åˆ—è¡¨æƒé‡å’Œ,,,,
nan,340,è‡³å¤šåŒ…å« K ä¸ªä¸åŒå­—ç¬¦çš„æœ€é•¿å­ä¸²,,,,
nan,255,éªŒè¯å‰åºéå†åºåˆ—äºŒå‰æœç´¢æ ‘,,,,
nan,256,ç²‰åˆ·æˆ¿å­,,,,
nan,259,è¾ƒå°çš„ä¸‰æ•°ä¹‹å’Œ,,,,
nan,254,å› å­çš„ç»„åˆ,,,,
nan,1059,æœ‰åºæ•°ç»„ä¸­çš„ç¼ºå¤±å…ƒç´ ,,,,
nan,544,è¾“å‡ºæ¯”èµ›åŒ¹é…å¯¹,,,,
nan,604,è¿­ä»£å‹ç¼©å­—ç¬¦ä¸²,,,,
nan,1175,æ•°ç»„å˜æ¢,,,,
nan,1149,ä¸‰ä¸ªæœ‰åºæ•°ç»„çš„äº¤é›†,,,,
nan,100020,2019 å¹´ä¸Šæµ·å¸‚åˆ›æ„ç¼–ç¨‹ä¸æ™ºèƒ½è®¾è®¡å¤§èµ› ç®—æ³•ç¼–ç¨‹ é«˜ä¸­ç»„ ç¬¬å…­é¢˜,,,,
nan,100019,2019 å¹´ä¸Šæµ·å¸‚åˆ›æ„ç¼–ç¨‹ä¸æ™ºèƒ½è®¾è®¡å¤§èµ› ç®—æ³•ç¼–ç¨‹ é«˜ä¸­ç»„ ç¬¬äº”é¢˜,,,,
nan,100018,2019 å¹´ä¸Šæµ·å¸‚åˆ›æ„ç¼–ç¨‹ä¸æ™ºèƒ½è®¾è®¡å¤§èµ› ç®—æ³•ç¼–ç¨‹ é«˜ä¸­ç»„ ç¬¬å››é¢˜,,,,
nan,100017,2019 å¹´ä¸Šæµ·å¸‚åˆ›æ„ç¼–ç¨‹ä¸æ™ºèƒ½è®¾è®¡å¤§èµ› ç®—æ³•ç¼–ç¨‹ é«˜ä¸­ç»„ ç¬¬ä¸‰é¢˜,,,,
nan,100016,2019 å¹´ä¸Šæµ·å¸‚åˆ›æ„ç¼–ç¨‹ä¸æ™ºèƒ½è®¾è®¡å¤§èµ› ç®—æ³•ç¼–ç¨‹ é«˜ä¸­ç»„ ç¬¬äºŒé¢˜,,,,
nan,100015,2019 å¹´ä¸Šæµ·å¸‚åˆ›æ„ç¼–ç¨‹ä¸æ™ºèƒ½è®¾è®¡å¤§èµ› ç®—æ³•ç¼–ç¨‹ é«˜ä¸­ç»„ ç¬¬ä¸€é¢˜,,,,
nan,100014,2019 å¹´ä¸Šæµ·å¸‚åˆ›æ„ç¼–ç¨‹ä¸æ™ºèƒ½è®¾è®¡å¤§èµ› ç®—æ³•ç¼–ç¨‹ åˆä¸­ç»„ ç¬¬å…­é¢˜,,,,
nan,100013,2019 å¹´ä¸Šæµ·å¸‚åˆ›æ„ç¼–ç¨‹ä¸æ™ºèƒ½è®¾è®¡å¤§èµ› ç®—æ³•ç¼–ç¨‹ åˆä¸­ç»„ ç¬¬äº”é¢˜,,,,
nan,100012,2019 å¹´ä¸Šæµ·å¸‚åˆ›æ„ç¼–ç¨‹ä¸æ™ºèƒ½è®¾è®¡å¤§èµ› ç®—æ³•ç¼–ç¨‹ åˆä¸­ç»„ ç¬¬å››é¢˜,,,,
nan,100011,2019 å¹´ä¸Šæµ·å¸‚åˆ›æ„ç¼–ç¨‹ä¸æ™ºèƒ½è®¾è®¡å¤§èµ› ç®—æ³•ç¼–ç¨‹ åˆä¸­ç»„ ç¬¬ä¸‰é¢˜,,,,
nan,100010,2019 å¹´ä¸Šæµ·å¸‚åˆ›æ„ç¼–ç¨‹ä¸æ™ºèƒ½è®¾è®¡å¤§èµ› ç®—æ³•ç¼–ç¨‹ åˆä¸­ç»„ ç¬¬äºŒé¢˜,,,,
nan,100009,2019 å¹´ä¸Šæµ·å¸‚åˆ›æ„ç¼–ç¨‹ä¸æ™ºèƒ½è®¾è®¡å¤§èµ› ç®—æ³•ç¼–ç¨‹ åˆä¸­ç»„ ç¬¬ä¸€é¢˜,,,,
nan,1208,æœ‰æ•ˆæ‹¬å·çš„åµŒå¥—æ·±åº¦,,,,
nan,100007,2019 å¹´ä¸Šæµ·å¸‚åˆ›æ„ç¼–ç¨‹ä¸æ™ºèƒ½è®¾è®¡å¤§èµ› ç®—æ³•ç¼–ç¨‹ å°å­¦ç»„ ç¬¬äº”é¢˜,,,,
nan,100005,2019 å¹´ä¸Šæµ·å¸‚åˆ›æ„ç¼–ç¨‹ä¸æ™ºèƒ½è®¾è®¡å¤§èµ› ç®—æ³•ç¼–ç¨‹ å°å­¦ç»„ ç¬¬ä¸‰é¢˜,,,,
nan,100004,2019 å¹´ä¸Šæµ·å¸‚åˆ›æ„ç¼–ç¨‹ä¸æ™ºèƒ½è®¾è®¡å¤§èµ› ç®—æ³•ç¼–ç¨‹ å°å­¦ç»„ ç¬¬äºŒé¢˜,,,,
nan,100003,2019 å¹´ä¸Šæµ·å¸‚åˆ›æ„ç¼–ç¨‹ä¸æ™ºèƒ½è®¾è®¡å¤§èµ› ç®—æ³•ç¼–ç¨‹ å°å­¦ç»„ ç¬¬ä¸€é¢˜,,,,
nan,100008,2019 å¹´ä¸Šæµ·å¸‚åˆ›æ„ç¼–ç¨‹ä¸æ™ºèƒ½è®¾è®¡å¤§èµ› ç®—æ³•ç¼–ç¨‹ å°å­¦ç»„ ç¬¬å…­é¢˜,,,,
nan,1207,åˆ ç‚¹æˆæ—,,,,
nan,1206,èˆªç­é¢„è®¢ç»Ÿè®¡,,,,
nan,1205,IP åœ°å€æ— æ•ˆåŒ–,,,,
nan,1196,å¡«å……ä¹¦æ¶,,,,
nan,1195,åˆ†ç³–æœ II,,,,
nan,1197,è§£æå¸ƒå°”è¡¨è¾¾å¼,,,,
nan,1194,äºŒå‰æ ‘å¯»è·¯,,,,
nan,1085,å½¼æ­¤ç†Ÿè¯†çš„æœ€æ—©æ—¶é—´,,,,
nan,1084,é•¿åº¦ä¸º K çš„æ— é‡å¤å­—ç¬¦å­ä¸²,,,,
nan,1099,å¾—åˆ†æœ€é«˜çš„è·¯å¾„,,,,
nan,100006,2019 å¹´ä¸Šæµ·å¸‚åˆ›æ„ç¼–ç¨‹ä¸æ™ºèƒ½è®¾è®¡å¤§èµ› ç®—æ³•ç¼–ç¨‹ å°å­¦ç»„ ç¬¬å››é¢˜,,,,
nan,100002,2019 å¹´ä¸Šæµ·å¸‚åˆ›æ„ç¼–ç¨‹ä¸æ™ºèƒ½è®¾è®¡å¤§èµ› ç®—æ³•ç¼–ç¨‹ å°å­¦ç»„ åˆèµ›ç¬¬ä¸€é¢˜,,,,
nan,100021,2019 å¹´ä¸Šæµ·å¸‚åˆ›æ„ç¼–ç¨‹ä¸æ™ºèƒ½è®¾è®¡å¤§èµ› ç®—æ³•ç¼–ç¨‹ å°å­¦ç»„ åˆèµ›ç¬¬äºŒé¢˜,,,,
nan,100022,2019 å¹´ä¸Šæµ·å¸‚åˆ›æ„ç¼–ç¨‹ä¸æ™ºèƒ½è®¾è®¡å¤§èµ› ç®—æ³•ç¼–ç¨‹ å°å­¦ç»„ åˆèµ›ç¬¬ä¸‰é¢˜,,,,
nan,1228,å¶å€¼çš„æœ€å°ä»£ä»·ç”Ÿæˆæ ‘,,,,
nan,1230,ç»å¯¹å€¼è¡¨è¾¾å¼çš„æœ€å¤§å€¼,,,,
nan,1229,é¢œè‰²äº¤æ›¿çš„æœ€çŸ­è·¯å¾„,,,,
nan,1227,ç­‰ä»·å¤šç±³è¯ºéª¨ç‰Œå¯¹çš„æ•°é‡,,,,
nan,1216,æ‰“å°é›¶ä¸å¥‡å¶æ•°,,,,
nan,1167,å»ºé€ è¡—åŒºçš„æœ€çŸ­æ—¶é—´,,,,
nan,1187,äº¤æ›¿æ‰“å°FooBar,,,,
nan,1186,H2O ç”Ÿæˆ,,,,
nan,1203,æŒ‰åºæ‰“å°,,,,
nan,1220,æœ€å°çš„å¿…è¦å›¢é˜Ÿ,,,,
nan,1217,æ•°ç»„çš„ç›¸å¯¹æ’åº,,,,
nan,1219,è¡¨ç°è‰¯å¥½çš„æœ€é•¿æ—¶é—´æ®µ,,,,
nan,1218,æœ€æ·±å¶èŠ‚ç‚¹çš„æœ€è¿‘å…¬å…±ç¥–å…ˆ,,,,
nan,1118,å°†æ•°ç»„åˆ†æˆå‡ ä¸ªé€’å¢åºåˆ—,,,,
nan,1091,å­æ ‘çš„æœ€å¤§å¹³å‡å€¼,,,,
nan,1089,åˆ å»å­—ç¬¦ä¸²ä¸­çš„å…ƒéŸ³,,,,
nan,1088,ä¸€æœˆæœ‰å¤šå°‘å¤©,,,,
nan,100023,2019 å¹´ä¸Šæµ·å¸‚åˆ›æ„ç¼–ç¨‹ä¸æ™ºèƒ½è®¾è®¡å¤§èµ› ç®—æ³•ç¼–ç¨‹ å°å­¦ç»„ åˆèµ›ç¬¬å››é¢˜,,,,
nan,100024,2019 å¹´ä¸Šæµ·å¸‚åˆ›æ„ç¼–ç¨‹ä¸æ™ºèƒ½è®¾è®¡å¤§èµ› ç®—æ³•ç¼–ç¨‹ å°å­¦ç»„ åˆèµ›ç¬¬äº”é¢˜,,,,
nan,100025,2019 å¹´ä¸Šæµ·å¸‚åˆ›æ„ç¼–ç¨‹ä¸æ™ºèƒ½è®¾è®¡å¤§èµ› ç®—æ³•ç¼–ç¨‹ å°å­¦ç»„ åˆèµ›ç¬¬å…­é¢˜,,,,
nan,100026,2019 å¹´ä¸Šæµ·å¸‚åˆ›æ„ç¼–ç¨‹ä¸æ™ºèƒ½è®¾è®¡å¤§èµ› ç®—æ³•ç¼–ç¨‹ åˆä¸­ç»„ åˆèµ›ç¬¬ä¸€é¢˜,,,,
nan,100027,2019 å¹´ä¸Šæµ·å¸‚åˆ›æ„ç¼–ç¨‹ä¸æ™ºèƒ½è®¾è®¡å¤§èµ› ç®—æ³•ç¼–ç¨‹ åˆä¸­ç»„ åˆèµ›ç¬¬äºŒé¢˜,,,,
nan,100028,2019 å¹´ä¸Šæµ·å¸‚åˆ›æ„ç¼–ç¨‹ä¸æ™ºèƒ½è®¾è®¡å¤§èµ› ç®—æ³•ç¼–ç¨‹ åˆä¸­ç»„ åˆèµ›ç¬¬ä¸‰é¢˜,,,,
nan,1188,èŠ±æ‹¬å·å±•å¼€ II,,,,
nan,100029,2019 å¹´ä¸Šæµ·å¸‚åˆ›æ„ç¼–ç¨‹ä¸æ™ºèƒ½è®¾è®¡å¤§èµ› ç®—æ³•ç¼–ç¨‹ åˆä¸­ç»„ åˆèµ›ç¬¬å››é¢˜,,,,
nan,100031,2019 å¹´ä¸Šæµ·å¸‚åˆ›æ„ç¼–ç¨‹ä¸æ™ºèƒ½è®¾è®¡å¤§èµ› ç®—æ³•ç¼–ç¨‹ åˆä¸­ç»„ åˆèµ›ç¬¬å…­é¢˜,,,,
nan,100032,2019 å¹´ä¸Šæµ·å¸‚åˆ›æ„ç¼–ç¨‹ä¸æ™ºèƒ½è®¾è®¡å¤§èµ› ç®—æ³•ç¼–ç¨‹ é«˜ä¸­ç»„ åˆèµ›ç¬¬ä¸€é¢˜,,,,
nan,100033,2019 å¹´ä¸Šæµ·å¸‚åˆ›æ„ç¼–ç¨‹ä¸æ™ºèƒ½è®¾è®¡å¤§èµ› ç®—æ³•ç¼–ç¨‹ é«˜ä¸­ç»„ åˆèµ›ç¬¬äºŒé¢˜,,,,
nan,100035,2019 å¹´ä¸Šæµ·å¸‚åˆ›æ„ç¼–ç¨‹ä¸æ™ºèƒ½è®¾è®¡å¤§èµ› ç®—æ³•ç¼–ç¨‹ é«˜ä¸­ç»„ åˆèµ›ç¬¬å››é¢˜,,,,
nan,100036,2019 å¹´ä¸Šæµ·å¸‚åˆ›æ„ç¼–ç¨‹ä¸æ™ºèƒ½è®¾è®¡å¤§èµ› ç®—æ³•ç¼–ç¨‹ é«˜ä¸­ç»„ åˆèµ›ç¬¬äº”é¢˜,,,,
nan,100037,2019 å¹´ä¸Šæµ·å¸‚åˆ›æ„ç¼–ç¨‹ä¸æ™ºèƒ½è®¾è®¡å¤§èµ› ç®—æ³•ç¼–ç¨‹ é«˜ä¸­ç»„ åˆèµ›ç¬¬å…­é¢˜,,,,
nan,100030,2019 å¹´ä¸Šæµ·å¸‚åˆ›æ„ç¼–ç¨‹ä¸æ™ºèƒ½è®¾è®¡å¤§èµ› ç®—æ³•ç¼–ç¨‹ åˆä¸­ç»„ åˆèµ›ç¬¬äº”é¢˜,,,,
nan,1185,å±±è„‰æ•°ç»„ä¸­æŸ¥æ‰¾ç›®æ ‡å€¼,,,,
nan,1183,å¤§æ ·æœ¬ç»Ÿè®¡,,,,
nan,1184,æ‹¼è½¦,,,,
nan,760,å­—ç¬¦ä¸²ä¸­çš„åŠ ç²—å•è¯,,,,
nan,756,å€’æ°´,,,,
nan,642,è®¾è®¡æœç´¢è‡ªåŠ¨è¡¥å…¨ç³»ç»Ÿ,,,,
nan,635,è®¾è®¡æ—¥å¿—å­˜å‚¨ç³»ç»Ÿ,,,,
nan,631,è®¾è®¡ Excel æ±‚å’Œå…¬å¼,,,,
nan,850,å¾ªç¯æœ‰åºåˆ—è¡¨çš„æ’å…¥,,,,
nan,786,æœç´¢é•¿åº¦æœªçŸ¥çš„æœ‰åºæ•°ç»„,,,,
nan,752,IP åˆ° CIDR,,,,
nan,751,è§’çŸ©å½¢çš„æ•°é‡,,,,
nan,1120,ä¸é‚»æ¥æ¤èŠ±,,,,
nan,711,ä¸åŒå²›å±¿çš„æ•°é‡ II,,,,
nan,1119,å›°äºç¯ä¸­çš„æœºå™¨äºº,,,,
nan,694,ä¸åŒå²›å±¿çš„æ•°é‡,,,,
nan,1121,åˆ†éš”æ•°ç»„ä»¥å¾—åˆ°æœ€å¤§å’Œ,,,,
nan,1122,æœ€é•¿é‡å¤å­ä¸²,,,,
nan,683,K ä¸ªå…³é—­çš„ç¯æ³¡,,,,
nan,681,æœ€è¿‘æ—¶åˆ»,,,,
nan,616,ç»™å­—ç¬¦ä¸²æ·»åŠ åŠ ç²—æ ‡ç­¾,,,,
nan,624,æ•°ç»„åˆ—è¡¨ä¸­çš„æœ€å¤§è·ç¦»,,,,
nan,727,æœ€å°çª—å£å­åºåˆ—,,,,
nan,716,æœ€å¤§æ ˆ,,,,
nan,723,ç²‰ç¢ç³–æœ,,,,
nan,651,4é”®é”®ç›˜,,,,
nan,761,å‘˜å·¥ç©ºé—²æ—¶é—´,,,,
nan,644,å­æ•°ç»„æœ€å¤§å¹³å‡æ•° II,,,,
nan,660,ç§»é™¤ 9,,,,
nan,656,é‡‘å¸è·¯å¾„,,,,
nan,734,å¥å­ç›¸ä¼¼æ€§,,,,
nan,737,å¥å­ç›¸ä¼¼æ€§ II,,,,
nan,743,äºŒå‰æ ‘æœ€è¿‘çš„å¶èŠ‚ç‚¹,,,,
nan,666,è·¯å¾„æ€»å’Œ IV,,,,
nan,663,å‡åŒ€æ ‘åˆ’åˆ†,,,,
nan,545,äºŒå‰æ ‘çš„è¾¹ç•Œ,,,,
nan,762,æ‰¾å‡ºå˜ä½æ˜ å°„,,,,
nan,788,æœ€å°åŒ–å»åŠ æ²¹ç«™çš„æœ€å¤§è·ç¦»,,,,
nan,1150,æŸ¥æ‰¾ä¸¤æ£µäºŒå‰æœç´¢æ ‘ä¹‹å’Œ,,,,
nan,1131,ç»Ÿè®¡åªå«å•ä¸€å­—æ¯çš„å­ä¸²,,,,
nan,1077,æ˜“æ··æ·†æ•° II,,,,
nan,1076,èŠ±æ‹¬å·å±•å¼€,,,,
nan,1074,å‰äº”ç§‘çš„å‡åˆ†,,,,
nan,1082,æœ€å°å…ƒç´ å„æ•°ä½ä¹‹å’Œ,,,,
nan,1171,äºŒè¿›åˆ¶çŸ©é˜µä¸­çš„æœ€çŸ­è·¯å¾„,,,,
nan,1170,æœ€çŸ­å…¬å…±è¶…åºåˆ—,,,,
nan,1169,å—æ ‡ç­¾å½±å“çš„æœ€å¤§å€¼,,,,
nan,1168,å¤å†™é›¶,,,,
nan,1157,æ ¹åˆ°å¶è·¯å¾„ä¸Šçš„ä¸è¶³èŠ‚ç‚¹,,,,
nan,1160,æ´»å­—å°åˆ·,,,,
nan,1156,Bigram åˆ†è¯,,,,
nan,1159,ä¸åŒå­—ç¬¦çš„æœ€å°å­åºåˆ—,,,,
nan,1146,å­—ç¬¦ä¸²çš„æœ€å¤§å…¬å› å­,,,,
nan,1145,å…ƒç´ å’Œä¸ºç›®æ ‡å€¼çš„å­çŸ©é˜µæ•°é‡,,,,
nan,1148,è´ŸäºŒè¿›åˆ¶æ•°ç›¸åŠ ,,,,
nan,791,æ‹†åˆ†äºŒå‰æœç´¢æ ‘,,,,
nan,818,ç›¸ä¼¼ RGB é¢œè‰²,,,,
nan,1127,æœ€åä¸€å—çŸ³å¤´çš„é‡é‡,,,,
nan,1130,æœ€åä¸€å—çŸ³å¤´çš„é‡é‡ II,,,,
nan,1128,åˆ é™¤å­—ç¬¦ä¸²ä¸­çš„æ‰€æœ‰ç›¸é‚»é‡å¤é¡¹,,,,
nan,1129,æœ€é•¿å­—ç¬¦ä¸²é“¾,,,,
nan,785,åŸºæœ¬è®¡ç®—å™¨ III,,,,
nan,1137,é«˜åº¦æ£€æŸ¥å™¨,,,,
nan,1140,è·ç¦»ç›¸ç­‰çš„æ¡å½¢ç ,,,,
nan,1138,çˆ±ç”Ÿæ°”çš„ä¹¦åº—è€æ¿,,,,
nan,1083,å°äº K çš„ä¸¤æ•°ä¹‹å’Œ,,,,
nan,1066,ä¸åŠ¨ç‚¹,,,,
nan,1067,æ ¡å›­è‡ªè¡Œè½¦åˆ†é… II,,,,
nan,1147,æŒ‰åˆ—ç¿»è½¬å¾—åˆ°æœ€å¤§å€¼ç­‰è¡Œæ•°,,,,
nan,1139,äº¤æ¢ä¸€æ¬¡çš„å…ˆå‰æ’åˆ—,,,,
nan,390,æ¶ˆé™¤æ¸¸æˆ,,,,
nan,1061,æœ‰æ•ˆå­æ•°ç»„çš„æ•°ç›®,,,,
nan,1064,å¯è¢« K æ•´é™¤çš„æœ€å°æ•´æ•°,,,,
nan,909,çŸ³å­æ¸¸æˆ,,,,
nan,911,ç›ˆåˆ©è®¡åˆ’,,,,
nan,910,ç¬¬ N ä¸ªç¥å¥‡æ•°å­—,,,,
nan,908,é“¾è¡¨çš„ä¸­é—´ç»“ç‚¹,,,,
nan,790,å…¨å±€å€’ç½®ä¸å±€éƒ¨å€’ç½®,,,,
nan,522,æœ€é•¿ç‰¹æ®Šåºåˆ— II,,,,
nan,332,é‡æ–°å®‰æ’è¡Œç¨‹,,,,
nan,843,å¸¦å› å­çš„äºŒå‰æ ‘,,,,
nan,630,è¯¾ç¨‹è¡¨ III,,,,
nan,753,æ‰“å¼€è½¬ç›˜é”,,,,
nan,838,è®¾è®¡é“¾è¡¨,,,,
nan,352,å°†æ•°æ®æµå˜ä¸ºå¤šä¸ªä¸ç›¸äº¤åŒºé—´,,,,
nan,792,äºŒåˆ†æŸ¥æ‰¾,,,,
nan,417,å¤ªå¹³æ´‹å¤§è¥¿æ´‹æ°´æµé—®é¢˜,,,,
nan,794,æ°´ä½ä¸Šå‡çš„æ³³æ± ä¸­æ¸¸æ³³,,,,
nan,839,å•è¯çš„å‹ç¼©ç¼–ç ,,,,
nan,508,å‡ºç°æ¬¡æ•°æœ€å¤šçš„å­æ ‘å…ƒç´ å’Œ,,,,
nan,659,åˆ†å‰²æ•°ç»„ä¸ºè¿ç»­å­åºåˆ—,,,,
nan,860,è®¾è®¡å¾ªç¯é˜Ÿåˆ—,,,,
nan,667,ä¼˜ç¾çš„æ’åˆ— II,,,,
nan,675,ä¸ºé«˜å°”å¤«æ¯”èµ›ç æ ‘,,,,
nan,649,Dota2 å‚è®®é™¢,,,,
nan,903,ç”¨ Rand7() å®ç° Rand10(),,,,
nan,907,çˆ±åƒé¦™è•‰çš„ç‚ç‚,,,,
nan,906,æ¨¡æ‹Ÿè¡Œèµ°æœºå™¨äºº,,,,
nan,905,æœ€é•¿çš„æ–æ³¢é‚£å¥‘å­åºåˆ—çš„é•¿åº¦,,,,
nan,904,å¶å­ç›¸ä¼¼çš„æ ‘,,,,
nan,834,æ¨¡ç³Šåæ ‡,,,,
nan,817,è®¾è®¡å“ˆå¸Œæ˜ å°„,,,,
nan,816,è®¾è®¡å“ˆå¸Œé›†åˆ,,,,
nan,699,æ‰è½çš„æ–¹å—,,,,
nan,894,é»‘åå•ä¸­çš„éšæœºæ•°,,,,
nan,772,å»ºç«‹å››å‰æ ‘,,,,
nan,813,æ‰€æœ‰å¯èƒ½çš„è·¯å¾„,,,,
nan,806,å¤šç±³è¯ºå’Œæ‰˜ç±³è¯ºå¹³é“º,,,,
nan,931,æœ€å¤§é¢‘ç‡æ ˆ,,,,
nan,929,ç‰¹æ®Šç­‰ä»·å­—ç¬¦ä¸²ç»„,,,,
nan,930,æ‰€æœ‰å¯èƒ½çš„æ»¡äºŒå‰æ ‘,,,,
nan,928,ä¸‰ç»´å½¢ä½“çš„è¡¨é¢ç§¯,,,,
nan,926,æŸ¥æ‰¾å’Œæ›¿æ¢æ¨¡å¼,,,,
nan,927,å­åºåˆ—å®½åº¦ä¹‹å’Œ,,,,
nan,925,æ ¹æ®å‰åºå’Œååºéå†æ„é€ äºŒå‰æ ‘,,,,
nan,924,å…¬å¹³çš„ç³–æœæ£’äº¤æ¢,,,,
nan,859,è®¾è®¡å¾ªç¯åŒç«¯é˜Ÿåˆ—,,,,
nan,609,åœ¨ç³»ç»Ÿä¸­æŸ¥æ‰¾é‡å¤æ–‡ä»¶,,,,
nan,913,éšæœºç¿»è½¬çŸ©é˜µ,,,,
nan,820,æ‰¾åˆ°æœ€ç»ˆçš„å®‰å…¨çŠ¶æ€,,,,
nan,915,åœ¨åœ†å†…éšæœºç”Ÿæˆç‚¹,,,,
nan,912,æŒ‰æƒé‡éšæœºé€‰æ‹©,,,,
nan,802,ç¬¬ K ä¸ªæœ€å°çš„ç´ æ•°åˆ†æ•°,,,,
nan,467,ç¯ç»•å­—ç¬¦ä¸²ä¸­å”¯ä¸€çš„å­å­—ç¬¦ä¸²,,,,
nan,787,æ»‘åŠ¨è°œé¢˜,,,,
nan,754,ç ´è§£ä¿é™©ç®±,,,,
nan,917,æ•‘ç”Ÿè‰‡,,,,
nan,919,ä¸‰ç»´å½¢ä½“æŠ•å½±é¢ç§¯,,,,
nan,916,ç´¢å¼•å¤„çš„è§£ç å­—ç¬¦ä¸²,,,,
nan,918,ç»†åˆ†å›¾ä¸­çš„å¯åˆ°è¾¾ç»“ç‚¹,,,,
nan,742,è½¬æ¢æˆå°å†™å­—æ¯,,,,
nan,658,æ‰¾åˆ° K ä¸ªæœ€æ¥è¿‘çš„å…ƒç´ ,,,,
nan,483,æœ€å°å¥½è¿›åˆ¶,,,,
nan,920,ä¸¤å¥è¯ä¸­çš„ä¸å¸¸è§å•è¯,,,,
nan,921,èºæ—‹çŸ©é˜µ III,,,,
nan,922,å¯èƒ½çš„äºŒåˆ†æ³•,,,,
nan,923,é¸¡è›‹æ‰è½,,,,
nan,766,æ‰å¹³åŒ–å¤šçº§åŒå‘é“¾è¡¨,,,,
nan,514,è‡ªç”±ä¹‹è·¯,,,,
nan,858,éšè—ä¸ªäººä¿¡æ¯,,,,
nan,480,æ»‘åŠ¨çª—å£ä¸­ä½æ•°,,,,
nan,769,æœ€å¤§åŠ å·æ ‡å¿—,,,,
nan,464,æˆ‘èƒ½èµ¢å—,,,,
nan,881,å–§é—¹å’Œå¯Œæœ‰,,,,
nan,880,çŸ©å½¢é¢ç§¯ II,,,,
nan,879,åˆ°æœ€è¿‘çš„äººçš„æœ€å¤§è·ç¦»,,,,
nan,878,å­—æ¯ç§»ä½,,,,
nan,672,ç¯æ³¡å¼€å…³ â…¡,,,,
nan,363,çŸ©å½¢åŒºåŸŸä¸è¶…è¿‡ K çš„æœ€å¤§æ•°å€¼å’Œ,,,,
nan,652,å¯»æ‰¾é‡å¤çš„å­æ ‘,,,,
nan,523,è¿ç»­çš„å­æ•°ç»„å’Œ,,,,
nan,852,é€‚é¾„çš„æœ‹å‹,,,,
nan,877,è®¿é—®æ‰€æœ‰èŠ‚ç‚¹çš„æœ€çŸ­è·¯å¾„,,,,
nan,876,ä¸€æ‰‹é¡ºå­,,,,
nan,875,æ•°ç»„ä¸­çš„æœ€é•¿å±±è„‰,,,,
nan,874,æ¯”è¾ƒå«é€€æ ¼çš„å­—ç¬¦ä¸²,,,,
nan,526,ä¼˜ç¾çš„æ’åˆ—,,,,
nan,377,ç»„åˆæ€»å’Œ â…£,,,,
nan,576,å‡ºç•Œçš„è·¯å¾„æ•°,,,,
nan,872,å°†æ•°ç»„æ‹†åˆ†æˆæ–æ³¢é‚£å¥‘åºåˆ—,,,,
nan,870,çŸ©é˜µä¸­çš„å¹»æ–¹,,,,
nan,871,é’¥åŒ™å’Œæˆ¿é—´,,,,
nan,873,çŒœçŒœè¿™ä¸ªå•è¯,,,,
nan,828,é»‘æ¿å¼‚æˆ–æ¸¸æˆ,,,,
nan,376,æ‘†åŠ¨åºåˆ—,,,,
nan,882,å±±è„‰æ•°ç»„çš„å³°é¡¶ç´¢å¼•,,,,
nan,863,æ ‘ä¸­è·ç¦»ä¹‹å’Œ,,,,
nan,851,å±±ç¾Šæ‹‰ä¸æ–‡,,,,
nan,646,æœ€é•¿æ•°å¯¹é“¾,,,,
nan,592,åˆ†æ•°åŠ å‡è¿ç®—,,,,
nan,763,ç‰¹æ®Šçš„äºŒè¿›åˆ¶åºåˆ—,,,,
nan,388,æ–‡ä»¶çš„æœ€é•¿ç»å¯¹è·¯å¾„,,,,
nan,713,ä¹˜ç§¯å°äºKçš„å­æ•°ç»„,,,,
nan,797,æ£®æ—ä¸­çš„å…”å­,,,,
nan,385,è¿·ä½ è¯­æ³•åˆ†æå™¨,,,,
nan,883,è½¦é˜Ÿ,,,,
nan,885,è€ƒåœºå°±åº§,,,,
nan,730,ç»Ÿè®¡ä¸åŒå›æ–‡å­åºåˆ—,,,,
nan,449,åºåˆ—åŒ–å’Œååºåˆ—åŒ–äºŒå‰æœç´¢æ ‘,,,,
nan,736,Lisp è¯­æ³•è§£æ,,,,
nan,466,ç»Ÿè®¡é‡å¤ä¸ªæ•°,,,,
nan,853,å®‰æ’å·¥ä½œä»¥è¾¾åˆ°æœ€å¤§æ”¶ç›Š,,,,
nan,864,å›¾åƒé‡å ,,,,
nan,546,ç§»é™¤ç›’å­,,,,
nan,502,IPO,,,,
nan,902,æœ€ä½åŠ æ²¹æ¬¡æ•°,,,,
nan,899,äºŒè¿›åˆ¶é—´è·,,,,
nan,900,é‡æ–°æ’åºå¾—åˆ° 2 çš„å¹‚,,,,
nan,901,ä¼˜åŠ¿æ´—ç‰Œ,,,,
nan,897,å›æ–‡ç´ æ•°,,,,
nan,896,å…·æœ‰æ‰€æœ‰æœ€æ·±èŠ‚ç‚¹çš„æœ€å°å­æ ‘,,,,
nan,895,è·å–æ‰€æœ‰é’¥åŒ™çš„æœ€çŸ­è·¯å¾„,,,,
nan,898,è½¬ç½®çŸ©é˜µ,,,,
nan,893,äºŒå‰æ ‘ä¸­æ‰€æœ‰è·ç¦»ä¸º K çš„ç»“ç‚¹,,,,
nan,554,ç –å¢™,,,,
nan,517,è¶…çº§æ´—è¡£æœº,,,,
nan,481,ç¥å¥‡å­—ç¬¦ä¸²,,,,
nan,501,äºŒå‰æœç´¢æ ‘ä¸­çš„ä¼—æ•°,,,,
nan,482,å¯†é’¥æ ¼å¼åŒ–,,,,
nan,803,K ç«™ä¸­è½¬å†…æœ€ä¾¿å®œçš„èˆªç­,,,,
nan,884,ç›¸ä¼¼åº¦ä¸º K çš„å­—ç¬¦ä¸²,,,,
nan,889,äº²å¯†å­—ç¬¦ä¸²,,,,
nan,886,æ‹¬å·çš„åˆ†æ•°,,,,
nan,887,é›‡ä½£ K åå·¥äººçš„æœ€ä½æˆæœ¬,,,,
nan,416,åˆ†å‰²ç­‰å’Œå­é›†,,,,
nan,890,æŸ æª¬æ°´æ‰¾é›¶,,,,
nan,891,ç¿»è½¬çŸ©é˜µåçš„å¾—åˆ†,,,,
nan,892,å’Œè‡³å°‘ä¸º K çš„æœ€çŸ­å­æ•°ç»„,,,,
nan,888,é•œé¢åå°„,,,,
nan,1065,å­ä¸²èƒ½è¡¨ç¤ºä» 1 åˆ° N æ•°å­—çš„äºŒè¿›åˆ¶ä¸²,,,,
nan,725,åˆ†éš”é“¾è¡¨,,,,
nan,932,å•è°ƒæ•°åˆ—,,,,
nan,1023,åŸºäºæ—¶é—´çš„é”®å€¼å­˜å‚¨,,,,
nan,1026,ä¸å« AAA æˆ– BBB çš„å­—ç¬¦ä¸²,,,,
nan,1024,æŒ‰ä½ä¸ä¸ºé›¶çš„ä¸‰å…ƒç»„,,,,
nan,1022,ä¸åŒè·¯å¾„ III,,,,
nan,1021,åœ¨äºŒå‰æ ‘ä¸­åˆ†é…ç¡¬å¸,,,,
nan,1020,æœ€é•¿æ¹æµå­æ•°ç»„,,,,
nan,1019,æœ‰åºæ•°ç»„çš„å¹³æ–¹,,,,
nan,1017,å¥‡å¶è·³,,,,
nan,1014,æœ€æ¥è¿‘åŸç‚¹çš„ K ä¸ªç‚¹,,,,
nan,1016,å’Œå¯è¢« K æ•´é™¤çš„å­æ•°ç»„,,,,
nan,1018,ä¸‰è§’å½¢çš„æœ€å¤§å‘¨é•¿,,,,
nan,1013,æ–æ³¢é‚£å¥‘æ•°,,,,
nan,1012,ç›¸ç­‰çš„æœ‰ç†æ•°,,,,
nan,1011,ç¿»è½¬äºŒå‰æ ‘ä»¥åŒ¹é…å…ˆåºéå†,,,,
nan,1025,æœ€ä½ç¥¨ä»·,,,,
nan,1009,ç…é¥¼æ’åº,,,,
nan,1006,å…ƒéŸ³æ‹¼å†™æ£€æŸ¥å™¨,,,,
nan,1008,ç›‘æ§äºŒå‰æ ‘,,,,
nan,1007,è¿ç»­å·®ç›¸åŒçš„æ•°å­—,,,,
nan,1005,å•å€¼äºŒå‰æ ‘,,,,
nan,1004,è¡¨ç¤ºæ•°å­—çš„æœ€å°‘è¿ç®—ç¬¦,,,,
nan,1003,æœ€å°é¢ç§¯çŸ©å½¢ II,,,,
nan,1002,æœ€å¤§å®½åº¦å¡,,,,
nan,1001,é‡å¤ N æ¬¡çš„å…ƒç´ ,,,,
nan,1000,åˆ åˆ—é€ åº III,,,,
nan,998,äºŒå‰æ ‘çš„å®Œå…¨æ€§æ£€éªŒ,,,,
nan,994,N å¤©åçš„ç‰¢æˆ¿,,,,
nan,999,ç”±æ–œæ åˆ’åˆ†åŒºåŸŸ,,,,
nan,992,åˆ åˆ—é€ åº II,,,,
nan,993,æœ€é«˜çš„å¹¿å‘Šç‰Œ,,,,
nan,1010,å¼ºæ•´æ•°,,,,
nan,1030,ä»å¶ç»“ç‚¹å¼€å§‹çš„æœ€å°å­—ç¬¦ä¸²,,,,
nan,1028,åŒºé—´åˆ—è¡¨çš„äº¤é›†,,,,
nan,1027,æŸ¥è¯¢åçš„å¶æ•°å’Œ,,,,
nan,1063,æœ€ä½³è§‚å…‰ç»„åˆ,,,,
nan,1062,å°†æ•°ç»„åˆ†æˆå’Œç›¸ç­‰çš„ä¸‰ä¸ªéƒ¨åˆ†,,,,
nan,511,ä»å§‹ç‚¹åˆ°ç»ˆç‚¹çš„æ‰€æœ‰è·¯å¾„,,,,
nan,1052,æ ¡å›­è‡ªè¡Œè½¦åˆ†é…,,,,
nan,1056,åœ¨ D å¤©å†…é€è¾¾åŒ…è£¹çš„èƒ½åŠ›,,,,
nan,1057,è‡³å°‘æœ‰ 1 ä½é‡å¤çš„æ•°å­—,,,,
nan,1055,æ€»æŒç»­æ—¶é—´å¯è¢« 60 æ•´é™¤çš„æ­Œæ›²,,,,
nan,1054,åè¿›åˆ¶æ•´æ•°çš„åç ,,,,
nan,1053,æœ€å°åŒ–èˆå…¥è¯¯å·®ä»¥æ»¡è¶³ç›®æ ‡,,,,
nan,1051,å½¢æˆå­—ç¬¦ä¸²çš„æœ€çŸ­è·¯å¾„,,,,
nan,1048,ç¬¨é˜¶ä¹˜,,,,
nan,1049,è¡Œç›¸ç­‰çš„æœ€å°‘å¤šç±³è¯ºæ—‹è½¬,,,,
nan,1047,K æ¬¡å–ååæœ€å¤§åŒ–çš„æ•°ç»„å’Œ,,,,
nan,1050,å‰åºéå†æ„é€ äºŒå‰æœç´¢æ ‘,,,,
nan,1045,æ£€æŸ¥æ›¿æ¢åçš„è¯æ˜¯å¦æœ‰æ•ˆ,,,,
nan,1046,æœ€å¤§è¿ç»­1çš„ä¸ªæ•° III,,,,
nan,1044,æŸ¥æ‰¾å¸¸ç”¨å­—ç¬¦,,,,
nan,1029,äºŒå‰æ ‘çš„å‚åºéå†,,,,
nan,1031,æ•°ç»„å½¢å¼çš„æ•´æ•°åŠ æ³•,,,,
nan,1032,ç­‰å¼æ–¹ç¨‹çš„å¯æ»¡è¶³æ€§,,,,
nan,1033,åäº†çš„è®¡ç®—å™¨,,,,
nan,1034,K ä¸ªä¸åŒæ•´æ•°çš„å­æ•°ç»„,,,,
nan,1035,äºŒå‰æ ‘çš„å ‚å…„å¼ŸèŠ‚ç‚¹,,,,
nan,991,äºŒå€æ•°å¯¹æ•°ç»„,,,,
nan,1036,è…çƒ‚çš„æ©˜å­,,,,
nan,1038,æ­£æ–¹å½¢æ•°ç»„çš„æ•°ç›®,,,,
nan,1039,æ‰¾åˆ°å°é•‡çš„æ³•å®˜,,,,
nan,1043,ç½‘æ ¼ç…§æ˜,,,,
nan,1040,æœ€å¤§äºŒå‰æ ‘ II,,,,
nan,1041,å¯ä»¥è¢«ä¸€æ­¥æ•è·çš„æ£‹å­æ•°,,,,
nan,1042,åˆå¹¶çŸ³å¤´çš„æœ€ä½æˆæœ¬,,,,
nan,1037,K è¿ç»­ä½çš„æœ€å°ç¿»è½¬æ¬¡æ•°,,,,
nan,990,éªŒè¯å¤–æ˜Ÿè¯­è¯å…¸,,,,
nan,988,ç¿»è½¬ç­‰ä»·äºŒå‰æ ‘,,,,
nan,987,æŒ‰é€’å¢é¡ºåºæ˜¾ç¤ºå¡ç‰Œ,,,,
nan,958,æŒ‰å¥‡å¶æ’åºæ•°ç»„ II,,,,
nan,957,ä½¿æ‹¬å·æœ‰æ•ˆçš„æœ€å°‘æ·»åŠ ,,,,
nan,773,å››å‰æ ‘äº¤é›†,,,,
nan,798,å˜ä¸ºæ£‹ç›˜,,,,
nan,955,å®Œå…¨äºŒå‰æ ‘æ’å…¥å™¨,,,,
nan,956,æ’­æ”¾åˆ—è¡¨çš„æ•°é‡,,,,
nan,954,ç¯å½¢å­æ•°ç»„çš„æœ€å¤§å’Œ,,,,
nan,953,ä»…ä»…åè½¬å­—æ¯,,,,
nan,949,çŒ«å’Œè€é¼ ,,,,
nan,952,å•è¯å­é›†,,,,
nan,951,åˆ†å‰²æ•°ç»„,,,,
nan,950,å¡ç‰Œåˆ†ç»„,,,,
nan,749,æœ€çŸ­è¡¥å…¨è¯,,,,
nan,750,éš”ç¦»ç—…æ¯’,,,,
nan,947,åœ¨çº¿é€‰ä¸¾,,,,
nan,945,è›‡æ¢¯æ£‹,,,,
nan,946,æœ€å°å·®å€¼ II,,,,
nan,934,å­æ•°ç»„æŒ‰ä½æˆ–æ“ä½œ,,,,
nan,933,é€’å¢é¡ºåºæŸ¥æ‰¾æ ‘,,,,
nan,935,æœ‰åºé˜Ÿåˆ—,,,,
nan,796,åˆ°è¾¾ç»ˆç‚¹,,,,
nan,835,é“¾è¡¨ç»„ä»¶,,,,
nan,939,DI åºåˆ—çš„æœ‰æ•ˆæ’åˆ—,,,,
nan,959,ä¸‰æ•°ä¹‹å’Œçš„å¤šç§å¯èƒ½,,,,
nan,938,æœ€å¤§ä¸º N çš„æ•°å­—ç»„åˆ,,,,
nan,936,RLE è¿­ä»£å™¨,,,,
nan,941,æŒ‰å¥‡å¶æ’åºæ•°ç»„,,,,
nan,942,è¶…çº§å›æ–‡æ•°,,,,
nan,943,å­æ•°ç»„çš„æœ€å°å€¼ä¹‹å’Œ,,,,
nan,940,æ°´æœæˆç¯®,,,,
nan,944,æœ€å°å·®å€¼ I,,,,
nan,937,è‚¡ç¥¨ä»·æ ¼è·¨åº¦,,,,
nan,842,ç¿»è½¬å¡ç‰‡æ¸¸æˆ,,,,
nan,960,å°½é‡å‡å°‘æ¶æ„è½¯ä»¶çš„ä¼ æ’­,,,,
nan,446,ç­‰å·®æ•°åˆ—åˆ’åˆ† II - å­åºåˆ—,,,,
nan,989,æŒ‰å…¬å› æ•°è®¡ç®—æœ€å¤§ç»„ä»¶å¤§å°,,,,
nan,986,ç»™å®šæ•°å­—èƒ½ç»„æˆçš„æœ€å¤§æ—¶é—´,,,,
nan,985,ä»¤ç‰Œæ”¾ç½®,,,,
nan,984,ç§»é™¤æœ€å¤šçš„åŒè¡Œæˆ–åŒåˆ—çŸ³å¤´,,,,
nan,983,éªŒè¯æ ˆåºåˆ—,,,,
nan,982,ä½¿æ•°ç»„å”¯ä¸€çš„æœ€å°å¢é‡,,,,
nan,981,åˆ åˆ—é€ åº,,,,
nan,980,æœ€çŸ­è¶…çº§ä¸²,,,,
nan,979,å¢å‡å­—ç¬¦ä¸²åŒ¹é…,,,,
nan,978,æœ‰æ•ˆçš„å±±è„‰æ•°ç»„,,,,
nan,977,ä¸åŒçš„å­åºåˆ— II,,,,
nan,976,æœ€å°é¢ç§¯çŸ©å½¢,,,,
nan,975,äºŒå‰æœç´¢æ ‘çš„èŒƒå›´å’Œ,,,,
nan,974,é‡æ–°æ’åˆ—æ—¥å¿—æ–‡ä»¶,,,,
nan,973,æˆ³å°åºåˆ—,,,,
nan,969,æœ€è¿‘çš„è¯·æ±‚æ¬¡æ•°,,,,
nan,972,éª‘å£«æ‹¨å·å™¨,,,,
nan,715,Range æ¨¡å—,,,,
nan,862,å­—ç¬¦ä¸²ä¸­çš„æŸ¥æ‰¾ä¸æ›¿æ¢,,,,
nan,814,å¾—åˆ†æœ€é«˜çš„æœ€å°è½®è°ƒ,,,,
nan,691,è´´çº¸æ‹¼è¯,,,,
nan,781,åŸºæœ¬è®¡ç®—å™¨ IV,,,,
nan,961,é•¿æŒ‰é”®å…¥,,,,
nan,914,éé‡å çŸ©å½¢ä¸­çš„éšæœºç‚¹,,,,
nan,963,ä¸‰ç­‰åˆ†,,,,
nan,964,å°½é‡å‡å°‘æ¶æ„è½¯ä»¶çš„ä¼ æ’­ II,,,,
nan,966,å’Œç›¸åŒçš„äºŒå…ƒå­æ•°ç»„,,,,
nan,967,ä¸‹é™è·¯å¾„æœ€å°å’Œ,,,,
nan,968,æ¼‚äº®æ•°ç»„,,,,
nan,965,ç‹¬ç‰¹çš„ç”µå­é‚®ä»¶åœ°å€,,,,
nan,971,æœ€çŸ­çš„æ¡¥,,,,
nan,962,å°†å­—ç¬¦ä¸²ç¿»è½¬åˆ°å•è°ƒé€’å¢,,,,
nan,1893,ç»è¿‡ä¸€æ¬¡æ“ä½œåçš„æœ€å¤§å­æ•°ç»„å’Œ,,,,
